[
  {
    "firstname": "Vilma",
    "surname": "Štefanová",
    "nationalId": "8560162963",
    "id": "8fd09f3f5e2b4326",
    "classroomId": "84d4e4261f30a2e5"
  },
  {
    "firstname": "Agáta",
    "surname": "Dittrichová",
    "nationalId": "7060084086",
    "id": "d6518140a5d6e2d0",
    "classroomId": "1e838cb06cfeb01c"
  },
  {
    "firstname": "Ludmila",
    "surname": "Plašilová",
    "nationalId": "9155177614",
    "id": "6797c49e1a286d52",
    "classroomId": "f780b198cf290778"
  },
  {
    "firstname": "Saskie",
    "surname": "Mertová",
    "nationalId": "7651117815",
    "id": "2862a7b1abf33eed",
    "classroomId": "3aa1b99e902f5175"
  },
  {
    "firstname": "Hermína",
    "surname": "Bukovská",
    "nationalId": "6354103206",
    "id": "573aaf0225b01132",
    "classroomId": "84d4e4261f30a2e5"
  },
  {
    "firstname": "Milena",
    "surname": "Janderová",
    "nationalId": "8260083447",
    "id": "d9422ca2ec991a1d",
    "classroomId": "1e838cb06cfeb01c"
  },
  {
    "firstname": "Naděžda",
    "surname": "Skalická",
    "nationalId": "8159146402",
    "id": "476a8ce2c0803af5",
    "classroomId": "f780b198cf290778"
  },
  {
    "firstname": "Hedvika",
    "surname": "Hrabáková",
    "nationalId": "7552101359",
    "id": "b02c0a9c6494b3da",
    "classroomId": "3aa1b99e902f5175"
  },
  {
    "firstname": "Lýdie",
    "surname": "Mahdalová",
    "nationalId": "7660188668",
    "id": "9c939e35da27a672",
    "classroomId": "84d4e4261f30a2e5"
  },
  {
    "firstname": "Naděžda",
    "surname": "Matoušová",
    "nationalId": "6062118425",
    "id": "89a02d268b67cf7d",
    "classroomId": "1e838cb06cfeb01c"
  },
  {
    "firstname": "Blažena",
    "surname": "Odvárková",
    "nationalId": "9962054575",
    "id": "eadd8985be9de822",
    "classroomId": "f780b198cf290778"
  },
  {
    "firstname": "Jolana",
    "surname": "Šimko",
    "nationalId": "6354287478",
    "id": "6009bd7dfc285757",
    "classroomId": "3aa1b99e902f5175"
  },
  {
    "firstname": "Tamara",
    "surname": "Koubková",
    "nationalId": "7855302477",
    "id": "ca2a6214b06da004",
    "classroomId": "84d4e4261f30a2e5"
  },
  {
    "firstname": "Ema",
    "surname": "Venclová",
    "nationalId": "6451104011",
    "id": "371fea4d0d3f2eb3",
    "classroomId": "1e838cb06cfeb01c"
  },
  {
    "firstname": "Marie",
    "surname": "Vanišová",
    "nationalId": "7558289695",
    "id": "c5df4117ea19efb8",
    "classroomId": "f780b198cf290778"
  },
  {
    "firstname": "Regína",
    "surname": "Vančurová",
    "nationalId": "7557247027",
    "id": "536a79c981c7b3da",
    "classroomId": "3aa1b99e902f5175"
  },
  {
    "firstname": "Jaroslava",
    "surname": "Slepičková",
    "nationalId": "9260252111",
    "id": "7d113d09b6a14595",
    "classroomId": "84d4e4261f30a2e5"
  },
  {
    "firstname": "Rút",
    "surname": "Průchová",
    "nationalId": "7461077151",
    "id": "b09de95269c6a4fc",
    "classroomId": "1e838cb06cfeb01c"
  },
  {
    "firstname": "Barbora",
    "surname": "Kaiserová",
    "nationalId": "8152091167",
    "id": "e0e41d8e15869ebb",
    "classroomId": "f780b198cf290778"
  },
  {
    "firstname": "Ferdinand",
    "surname": "Hanzlíček",
    "nationalId": "9611179479",
    "id": "13a842f35a9ee9e1",
    "classroomId": "3aa1b99e902f5175"
  },
  {
    "firstname": "Zdeněk",
    "surname": "Nožička",
    "nationalId": "8804143865",
    "id": "28c8b4e1136b1757",
    "classroomId": "84d4e4261f30a2e5"
  },
  {
    "firstname": "Jeroným",
    "surname": "Klouda",
    "nationalId": "8801203059",
    "id": "ac3120b4f97570e7",
    "classroomId": "1e838cb06cfeb01c"
  },
  {
    "firstname": "Vratislav",
    "surname": "Machovec",
    "nationalId": "7809288619",
    "id": "bc0fc0ea958cef9c",
    "classroomId": "f780b198cf290778"
  },
  {
    "firstname": "Miloslav",
    "surname": "Uher",
    "nationalId": "9207048741",
    "id": "08f8ae10fe4483c0",
    "classroomId": "3aa1b99e902f5175"
  },
  {
    "firstname": "Julius",
    "surname": "Bém",
    "nationalId": "6307015187",
    "id": "23f1ee37227e59c5",
    "classroomId": "84d4e4261f30a2e5"
  },
  {
    "firstname": "Zikmund",
    "surname": "Pekař",
    "nationalId": "8612307704",
    "id": "301f906bb846a88a",
    "classroomId": "1e838cb06cfeb01c"
  },
  {
    "firstname": "Marián",
    "surname": "Zámečník",
    "nationalId": "9210114397",
    "id": "e9f0b68d60eee937",
    "classroomId": "f780b198cf290778"
  },
  {
    "firstname": "Emanuel",
    "surname": "Bojko",
    "nationalId": "6203311213",
    "id": "06cf9a4f73700b97",
    "classroomId": "3aa1b99e902f5175"
  },
  {
    "firstname": "Vojtěch",
    "surname": "Kristek",
    "nationalId": "6102257722",
    "id": "be854718a8b993db",
    "classroomId": "84d4e4261f30a2e5"
  },
  {
    "firstname": "Mikuláš",
    "surname": "Tříska",
    "nationalId": "7107278640",
    "id": "5c5cffa89a34ff0f",
    "classroomId": "1e838cb06cfeb01c"
  },
  {
    "firstname": "Ivo",
    "surname": "Baran",
    "nationalId": "7710068872",
    "id": "699e48498ad3a3b7",
    "classroomId": "f780b198cf290778"
  },
  {
    "firstname": "Václav",
    "surname": "Rubáš",
    "nationalId": "9702111463",
    "id": "cc410feee9a28555",
    "classroomId": "3aa1b99e902f5175"
  },
  {
    "firstname": "Marián",
    "surname": "Šmolík",
    "nationalId": "9208118205",
    "id": "3a956f5f08486498",
    "classroomId": "84d4e4261f30a2e5"
  },
  {
    "firstname": "František",
    "surname": "Horyna",
    "nationalId": "9103051386",
    "id": "c2b23f4524216014",
    "classroomId": "1e838cb06cfeb01c"
  },
  {
    "firstname": "Vratislav",
    "surname": "Pažout",
    "nationalId": "8209137772",
    "id": "6501fe73999ded86",
    "classroomId": "f780b198cf290778"
  },
  {
    "firstname": "Marián",
    "surname": "Záruba",
    "nationalId": "7104042286",
    "id": "07da024df7a087de",
    "classroomId": "3aa1b99e902f5175"
  },
  {
    "firstname": "Čeněk",
    "surname": "Dolejší",
    "nationalId": "6409108805",
    "id": "261de3cf76400569",
    "classroomId": "84d4e4261f30a2e5"
  },
  {
    "firstname": "Vladimír",
    "surname": "Pavlas",
    "nationalId": "8004174321",
    "id": "0c294ecebd47635e",
    "classroomId": "1e838cb06cfeb01c"
  },
  {
    "firstname": "Lumír",
    "surname": "Zavadil",
    "nationalId": "6905114579",
    "id": "c3a1f014eb9c42af",
    "classroomId": "f780b198cf290778"
  }
]