[
  {
    "subjectId": "e3c7b689a47e76b0",
    "studentId": "e0e41d8e15869ebb",
    "dateTs": "2022-06-28T10:00:00.000Z",
    "grade": 4,
    "description": "Examination",
    "weight": 2,
    "id": "JAI53KZI6UD5HVJF",
    "classroomId": "1e838cb06cfeb01c"
  },
  {
    "subjectId": "dc3fd3109eb041ff",
    "studentId": "3a956f5f08486498",
    "dateTs": "2022-06-28T10:00:00.000Z",
    "grade": 2,
    "description": "Examination",
    "weight": 1,
    "id": "RDH38JLS6VI3VJHC",
    "classroomId": "1e838cb06cfeb01c"
  },
  {
    "subjectId": "e3c7b689a47e76b0",
    "studentId": "e9f0b68d60eee937",
    "dateTs": "2022-06-28T10:00:00.000Z",
    "grade": 4,
    "description": "Examination",
    "weight": 2,
    "id": "RIT39YVP4FU3RDNX",
    "classroomId": "84d4e4261f30a2e5"
  },
  {
    "subjectId": "fe9919c1c95564cc",
    "studentId": "23f1ee37227e59c5",
    "dateTs": "2022-06-28T10:00:00.000Z",
    "grade": 1,
    "description": "Examination",
    "weight": 2,
    "id": "VYD42NOJ1YR3ZUMJ",
    "classroomId": "84d4e4261f30a2e5"
  },
  {
    "subjectId": "dc3fd3109eb041ff",
    "studentId": "e9f0b68d60eee937",
    "dateTs": "2022-06-28T10:00:00.000Z",
    "grade": 2,
    "description": "Examination",
    "weight": 1,
    "id": "EPH56RUV2XK0HBRQ",
    "classroomId": "1e838cb06cfeb01c"
  },
  {
    "subjectId": "ae3f5077053c5579",
    "studentId": "bc0fc0ea958cef9c",
    "dateTs": "2022-06-28T10:00:00.000Z",
    "grade": 2,
    "description": "Examination",
    "weight": 2,
    "id": "QBG66XSP8BR3VLNJ",
    "classroomId": "84d4e4261f30a2e5"
  },
  {
    "subjectId": "3f9e05bc4aaa380b",
    "studentId": "8fd09f3f5e2b4326",
    "dateTs": "2022-06-28T10:00:00.000Z",
    "grade": 2,
    "description": "Examination",
    "weight": 2,
    "id": "HOG95ISM5IU1ZBFR",
    "classroomId": "1e838cb06cfeb01c"
  },
  {
    "subjectId": "e3c7b689a47e76b0",
    "studentId": "301f906bb846a88a",
    "dateTs": "2022-06-28T10:00:00.000Z",
    "grade": 5,
    "description": "Examination",
    "weight": 2,
    "id": "VMV01OVM3HX1RGMV",
    "classroomId": "1e838cb06cfeb01c"
  },
  {
    "subjectId": "dc3fd3109eb041ff",
    "studentId": "89a02d268b67cf7d",
    "dateTs": "2022-06-28T10:00:00.000Z",
    "grade": 1,
    "description": "Examination",
    "weight": 0.5,
    "id": "EOH81KBY3CY8CGTG",
    "classroomId": "f780b198cf290778"
  },
  {
    "subjectId": "e3c7b689a47e76b0",
    "studentId": "0c294ecebd47635e",
    "dateTs": "2022-06-28T10:00:00.000Z",
    "grade": 3,
    "description": "Examination",
    "weight": 0.5,
    "id": "VTF65UBE6TT1SCIO",
    "classroomId": "1e838cb06cfeb01c"
  },
  {
    "subjectId": "dc3fd3109eb041ff",
    "studentId": "bc0fc0ea958cef9c",
    "dateTs": "2022-06-28T10:00:00.000Z",
    "grade": 3,
    "description": "Examination",
    "weight": 2,
    "id": "IHU84ZBB6WI0MDWO",
    "classroomId": "1e838cb06cfeb01c"
  },
  {
    "subjectId": "e3c7b689a47e76b0",
    "studentId": "06cf9a4f73700b97",
    "dateTs": "2022-06-28T10:00:00.000Z",
    "grade": 3,
    "description": "Examination",
    "weight": 1,
    "id": "CXJ74QMD6AW2WLKZ",
    "classroomId": "1e838cb06cfeb01c"
  },
  {
    "subjectId": "dc3fd3109eb041ff",
    "studentId": "699e48498ad3a3b7",
    "dateTs": "2022-06-28T10:00:00.000Z",
    "grade": 2,
    "description": "Examination",
    "weight": 1,
    "id": "GMW82RNX7FD8CCWT",
    "classroomId": "f780b198cf290778"
  },
  {
    "subjectId": "ae3f5077053c5579",
    "studentId": "699e48498ad3a3b7",
    "dateTs": "2022-06-28T10:00:00.000Z",
    "grade": 4,
    "description": "Examination",
    "weight": 1,
    "id": "EYC57ICV1GM7BRUN",
    "classroomId": "84d4e4261f30a2e5"
  },
  {
    "subjectId": "dc3fd3109eb041ff",
    "studentId": "0c294ecebd47635e",
    "dateTs": "2022-06-28T10:00:00.000Z",
    "grade": 4,
    "description": "Examination",
    "weight": 2,
    "id": "AKX38FGR7CN8NMVA",
    "classroomId": "1e838cb06cfeb01c"
  },
  {
    "subjectId": "ae3f5077053c5579",
    "studentId": "b02c0a9c6494b3da",
    "dateTs": "2022-06-28T10:00:00.000Z",
    "grade": 4,
    "description": "Examination",
    "weight": 2,
    "id": "OTX43SMI2HX1SPQH",
    "classroomId": "84d4e4261f30a2e5"
  },
  {
    "subjectId": "dc3fd3109eb041ff",
    "studentId": "d6518140a5d6e2d0",
    "dateTs": "2022-06-28T10:00:00.000Z",
    "grade": 5,
    "description": "Examination",
    "weight": 0.5,
    "id": "JLG58WNM2LE5HCKR",
    "classroomId": "84d4e4261f30a2e5"
  },
  {
    "subjectId": "3f9e05bc4aaa380b",
    "studentId": "6009bd7dfc285757",
    "dateTs": "2022-06-28T10:00:00.000Z",
    "grade": 4,
    "description": "Examination",
    "weight": 2,
    "id": "GVC74XBI6RF4QEIT",
    "classroomId": "84d4e4261f30a2e5"
  },
  {
    "subjectId": "3f9e05bc4aaa380b",
    "studentId": "261de3cf76400569",
    "dateTs": "2022-06-28T10:00:00.000Z",
    "grade": 2,
    "description": "Examination",
    "weight": 2,
    "id": "FNK84VLH6CY9VWHU",
    "classroomId": "1e838cb06cfeb01c"
  },
  {
    "subjectId": "dc3fd3109eb041ff",
    "studentId": "07da024df7a087de",
    "dateTs": "2022-06-28T10:00:00.000Z",
    "grade": 1,
    "description": "Examination",
    "weight": 1,
    "id": "DRJ12JRV6RQ8XOFS",
    "classroomId": "f780b198cf290778"
  },
  {
    "subjectId": "e3c7b689a47e76b0",
    "studentId": "bc0fc0ea958cef9c",
    "dateTs": "2022-06-28T10:00:00.000Z",
    "grade": 4,
    "description": "Examination",
    "weight": 1,
    "id": "KFT54WEL2RK0VMTB",
    "classroomId": "1e838cb06cfeb01c"
  },
  {
    "subjectId": "ae3f5077053c5579",
    "studentId": "ca2a6214b06da004",
    "dateTs": "2022-06-28T10:00:00.000Z",
    "grade": 1,
    "description": "Examination",
    "weight": 2,
    "id": "KBM95SLG9XM2SBRV",
    "classroomId": "f780b198cf290778"
  },
  {
    "subjectId": "dc3fd3109eb041ff",
    "studentId": "3a956f5f08486498",
    "dateTs": "2022-06-28T10:00:00.000Z",
    "grade": 1,
    "description": "Examination",
    "weight": 1,
    "id": "KFV58XNI7YV5FPJB",
    "classroomId": "1e838cb06cfeb01c"
  },
  {
    "subjectId": "dc3fd3109eb041ff",
    "studentId": "6797c49e1a286d52",
    "dateTs": "2022-06-28T10:00:00.000Z",
    "grade": 4,
    "description": "Examination",
    "weight": 1,
    "id": "TNR73BWD5JI1ORBX",
    "classroomId": "1e838cb06cfeb01c"
  },
  {
    "subjectId": "0258b9979e055af1",
    "studentId": "ca2a6214b06da004",
    "dateTs": "2022-06-28T10:00:00.000Z",
    "grade": 2,
    "description": "Examination",
    "weight": 2,
    "id": "BQJ71TIF1VD9QZIB",
    "classroomId": "f780b198cf290778"
  },
  {
    "subjectId": "fe9919c1c95564cc",
    "studentId": "06cf9a4f73700b97",
    "dateTs": "2022-06-28T10:00:00.000Z",
    "grade": 3,
    "description": "Examination",
    "weight": 2,
    "id": "FNS33PWV3UH0JDQB",
    "classroomId": "84d4e4261f30a2e5"
  },
  {
    "subjectId": "dc3fd3109eb041ff",
    "studentId": "b09de95269c6a4fc",
    "dateTs": "2022-06-28T10:00:00.000Z",
    "grade": 4,
    "description": "Examination",
    "weight": 2,
    "id": "SDF11AYS6KQ8JTEL",
    "classroomId": "f780b198cf290778"
  },
  {
    "subjectId": "0258b9979e055af1",
    "studentId": "28c8b4e1136b1757",
    "dateTs": "2022-06-28T10:00:00.000Z",
    "grade": 3,
    "description": "Examination",
    "weight": 1,
    "id": "CQO95GGM3VU6QJWR",
    "classroomId": "1e838cb06cfeb01c"
  },
  {
    "subjectId": "0258b9979e055af1",
    "studentId": "6009bd7dfc285757",
    "dateTs": "2022-06-28T10:00:00.000Z",
    "grade": 4,
    "description": "Examination",
    "weight": 1,
    "id": "JPA65IJO5NC3KLCN",
    "classroomId": "84d4e4261f30a2e5"
  },
  {
    "subjectId": "0258b9979e055af1",
    "studentId": "6501fe73999ded86",
    "dateTs": "2022-06-28T10:00:00.000Z",
    "grade": 2,
    "description": "Examination",
    "weight": 0.5,
    "id": "KMJ03LBW1XV4SVVS",
    "classroomId": "1e838cb06cfeb01c"
  },
  {
    "subjectId": "495a2f53e28edd18",
    "studentId": "6501fe73999ded86",
    "dateTs": "2022-06-28T10:00:00.000Z",
    "grade": 3,
    "description": "Examination",
    "weight": 2,
    "id": "YYA25VFX8FV5FUXI",
    "classroomId": "f780b198cf290778"
  },
  {
    "subjectId": "dc3fd3109eb041ff",
    "studentId": "699e48498ad3a3b7",
    "dateTs": "2022-06-28T10:00:00.000Z",
    "grade": 2,
    "description": "Examination",
    "weight": 1,
    "id": "VZK43QWI6IR2IOKY",
    "classroomId": "1e838cb06cfeb01c"
  },
  {
    "subjectId": "fe9919c1c95564cc",
    "studentId": "ca2a6214b06da004",
    "dateTs": "2022-06-28T10:00:00.000Z",
    "grade": 2,
    "description": "Examination",
    "weight": 1,
    "id": "FID68GSI1FD1IBGB",
    "classroomId": "f780b198cf290778"
  },
  {
    "subjectId": "3f9e05bc4aaa380b",
    "studentId": "5c5cffa89a34ff0f",
    "dateTs": "2022-06-28T10:00:00.000Z",
    "grade": 3,
    "description": "Examination",
    "weight": 1,
    "id": "ECB81WEE6WC8RYOU",
    "classroomId": "1e838cb06cfeb01c"
  },
  {
    "subjectId": "dc3fd3109eb041ff",
    "studentId": "536a79c981c7b3da",
    "dateTs": "2022-06-28T10:00:00.000Z",
    "grade": 3,
    "description": "Examination",
    "weight": 2,
    "id": "WYR28BRL2NC3UKTB",
    "classroomId": "1e838cb06cfeb01c"
  },
  {
    "subjectId": "3f9e05bc4aaa380b",
    "studentId": "89a02d268b67cf7d",
    "dateTs": "2022-06-28T10:00:00.000Z",
    "grade": 5,
    "description": "Examination",
    "weight": 1,
    "id": "TZW21EOW3ES7UKCE",
    "classroomId": "84d4e4261f30a2e5"
  },
  {
    "subjectId": "3f9e05bc4aaa380b",
    "studentId": "ac3120b4f97570e7",
    "dateTs": "2022-06-28T10:00:00.000Z",
    "grade": 3,
    "description": "Examination",
    "weight": 2,
    "id": "CGV13DQE6BK3LCVR",
    "classroomId": "84d4e4261f30a2e5"
  },
  {
    "subjectId": "495a2f53e28edd18",
    "studentId": "e9f0b68d60eee937",
    "dateTs": "2022-06-28T10:00:00.000Z",
    "grade": 3,
    "description": "Examination",
    "weight": 2,
    "id": "SXA39RYD7HI9WFRI",
    "classroomId": "f780b198cf290778"
  },
  {
    "subjectId": "dc3fd3109eb041ff",
    "studentId": "c2b23f4524216014",
    "dateTs": "2022-06-28T10:00:00.000Z",
    "grade": 3,
    "description": "Examination",
    "weight": 1,
    "id": "TGY25WLF3JP7GEAQ",
    "classroomId": "f780b198cf290778"
  },
  {
    "subjectId": "e3c7b689a47e76b0",
    "studentId": "699e48498ad3a3b7",
    "dateTs": "2022-06-28T10:00:00.000Z",
    "grade": 4,
    "description": "Examination",
    "weight": 2,
    "id": "LPE52XKJ5LL7JHMH",
    "classroomId": "84d4e4261f30a2e5"
  },
  {
    "subjectId": "ae3f5077053c5579",
    "studentId": "c5df4117ea19efb8",
    "dateTs": "2022-06-28T10:00:00.000Z",
    "grade": 3,
    "description": "Examination",
    "weight": 2,
    "id": "WFU92OMF3BE3MZXM",
    "classroomId": "1e838cb06cfeb01c"
  },
  {
    "subjectId": "495a2f53e28edd18",
    "studentId": "9c939e35da27a672",
    "dateTs": "2022-06-28T10:00:00.000Z",
    "grade": 1,
    "description": "Examination",
    "weight": 1,
    "id": "GCI20TCY7HC3FRMX",
    "classroomId": "1e838cb06cfeb01c"
  },
  {
    "subjectId": "e3c7b689a47e76b0",
    "studentId": "3a956f5f08486498",
    "dateTs": "2022-06-28T10:00:00.000Z",
    "grade": 5,
    "description": "Examination",
    "weight": 1,
    "id": "PPN55UVG1OW9WXKW",
    "classroomId": "1e838cb06cfeb01c"
  },
  {
    "subjectId": "dc3fd3109eb041ff",
    "studentId": "699e48498ad3a3b7",
    "dateTs": "2022-06-28T10:00:00.000Z",
    "grade": 2,
    "description": "Examination",
    "weight": 0.5,
    "id": "QPW90RQK6ZO7PSNJ",
    "classroomId": "1e838cb06cfeb01c"
  },
  {
    "subjectId": "fe9919c1c95564cc",
    "studentId": "699e48498ad3a3b7",
    "dateTs": "2022-06-28T10:00:00.000Z",
    "grade": 4,
    "description": "Examination",
    "weight": 1,
    "id": "RHJ23ZFK2NP3EONA",
    "classroomId": "f780b198cf290778"
  },
  {
    "subjectId": "ae3f5077053c5579",
    "studentId": "be854718a8b993db",
    "dateTs": "2022-06-28T10:00:00.000Z",
    "grade": 4,
    "description": "Examination",
    "weight": 1,
    "id": "JBY57HQK8VP1QPGT",
    "classroomId": "1e838cb06cfeb01c"
  },
  {
    "subjectId": "495a2f53e28edd18",
    "studentId": "476a8ce2c0803af5",
    "dateTs": "2022-06-28T10:00:00.000Z",
    "grade": 2,
    "description": "Examination",
    "weight": 1,
    "id": "FMO53KJP7GC1IHHK",
    "classroomId": "84d4e4261f30a2e5"
  },
  {
    "subjectId": "e3c7b689a47e76b0",
    "studentId": "371fea4d0d3f2eb3",
    "dateTs": "2022-06-28T10:00:00.000Z",
    "grade": 2,
    "description": "Examination",
    "weight": 1,
    "id": "PQF34OLT7YD7FKID",
    "classroomId": "f780b198cf290778"
  },
  {
    "subjectId": "3f9e05bc4aaa380b",
    "studentId": "c2b23f4524216014",
    "dateTs": "2022-06-28T10:00:00.000Z",
    "grade": 4,
    "description": "Examination",
    "weight": 1,
    "id": "YZL43KLU8WQ6DJWS",
    "classroomId": "1e838cb06cfeb01c"
  },
  {
    "subjectId": "dc3fd3109eb041ff",
    "studentId": "28c8b4e1136b1757",
    "dateTs": "2022-06-28T10:00:00.000Z",
    "grade": 2,
    "description": "Examination",
    "weight": 2,
    "id": "EPB73SOP9JR9FLDS",
    "classroomId": "f780b198cf290778"
  },
  {
    "subjectId": "e3c7b689a47e76b0",
    "studentId": "2862a7b1abf33eed",
    "dateTs": "2022-06-28T10:00:00.000Z",
    "grade": 4,
    "description": "Examination",
    "weight": 1,
    "id": "EDG86WBP4KB2RHUG",
    "classroomId": "f780b198cf290778"
  },
  {
    "subjectId": "3f9e05bc4aaa380b",
    "studentId": "9c939e35da27a672",
    "dateTs": "2022-06-28T10:00:00.000Z",
    "grade": 3,
    "description": "Examination",
    "weight": 1,
    "id": "GWS79QEK7JG7UFGP",
    "classroomId": "84d4e4261f30a2e5"
  },
  {
    "subjectId": "495a2f53e28edd18",
    "studentId": "6501fe73999ded86",
    "dateTs": "2022-06-28T10:00:00.000Z",
    "grade": 1,
    "description": "Examination",
    "weight": 1,
    "id": "DKH75UBO0KR8JFQX",
    "classroomId": "84d4e4261f30a2e5"
  },
  {
    "subjectId": "ae3f5077053c5579",
    "studentId": "c2b23f4524216014",
    "dateTs": "2022-06-28T10:00:00.000Z",
    "grade": 4,
    "description": "Examination",
    "weight": 2,
    "id": "QRN02WIT2FK4SVLZ",
    "classroomId": "f780b198cf290778"
  },
  {
    "subjectId": "3f9e05bc4aaa380b",
    "studentId": "c5df4117ea19efb8",
    "dateTs": "2022-06-28T10:00:00.000Z",
    "grade": 2,
    "description": "Examination",
    "weight": 1,
    "id": "RGL26GPY8LW1SNFH",
    "classroomId": "1e838cb06cfeb01c"
  },
  {
    "subjectId": "ae3f5077053c5579",
    "studentId": "89a02d268b67cf7d",
    "dateTs": "2022-06-28T10:00:00.000Z",
    "grade": 4,
    "description": "Examination",
    "weight": 1,
    "id": "BTF94IQP7BY4XDNK",
    "classroomId": "f780b198cf290778"
  },
  {
    "subjectId": "495a2f53e28edd18",
    "studentId": "c5df4117ea19efb8",
    "dateTs": "2022-06-28T10:00:00.000Z",
    "grade": 4,
    "description": "Examination",
    "weight": 2,
    "id": "PQI21ESW8BO2BAGY",
    "classroomId": "1e838cb06cfeb01c"
  },
  {
    "subjectId": "0258b9979e055af1",
    "studentId": "c2b23f4524216014",
    "dateTs": "2022-06-28T10:00:00.000Z",
    "grade": 3,
    "description": "Examination",
    "weight": 1,
    "id": "TRE04XLN8DJ1OWFN",
    "classroomId": "f780b198cf290778"
  },
  {
    "subjectId": "ae3f5077053c5579",
    "studentId": "e0e41d8e15869ebb",
    "dateTs": "2022-06-28T10:00:00.000Z",
    "grade": 1,
    "description": "Examination",
    "weight": 1,
    "id": "AEY69GDY6XW7YIQI",
    "classroomId": "f780b198cf290778"
  },
  {
    "subjectId": "3f9e05bc4aaa380b",
    "studentId": "08f8ae10fe4483c0",
    "dateTs": "2022-06-28T10:00:00.000Z",
    "grade": 2,
    "description": "Examination",
    "weight": 1,
    "id": "MWT84TUQ7BB8XJXT",
    "classroomId": "1e838cb06cfeb01c"
  },
  {
    "subjectId": "0258b9979e055af1",
    "studentId": "6009bd7dfc285757",
    "dateTs": "2022-06-28T10:00:00.000Z",
    "grade": 3,
    "description": "Examination",
    "weight": 2,
    "id": "CTS76LPR4EW3MNYR",
    "classroomId": "f780b198cf290778"
  },
  {
    "subjectId": "0258b9979e055af1",
    "studentId": "5c5cffa89a34ff0f",
    "dateTs": "2022-06-28T10:00:00.000Z",
    "grade": 4,
    "description": "Examination",
    "weight": 1,
    "id": "JFN62RGJ6OH3RRHH",
    "classroomId": "1e838cb06cfeb01c"
  },
  {
    "subjectId": "fe9919c1c95564cc",
    "studentId": "ca2a6214b06da004",
    "dateTs": "2022-06-28T10:00:00.000Z",
    "grade": 4,
    "description": "Examination",
    "weight": 0.5,
    "id": "GLZ55PFF6YU9JJDL",
    "classroomId": "1e838cb06cfeb01c"
  },
  {
    "subjectId": "0258b9979e055af1",
    "studentId": "2862a7b1abf33eed",
    "dateTs": "2022-06-28T10:00:00.000Z",
    "grade": 1,
    "description": "Examination",
    "weight": 2,
    "id": "EIS72OAE1SZ4EIVU",
    "classroomId": "1e838cb06cfeb01c"
  },
  {
    "subjectId": "495a2f53e28edd18",
    "studentId": "0c294ecebd47635e",
    "dateTs": "2022-06-28T10:00:00.000Z",
    "grade": 4,
    "description": "Examination",
    "weight": 1,
    "id": "DCC15LBR7LT3XWCY",
    "classroomId": "1e838cb06cfeb01c"
  },
  {
    "subjectId": "e3c7b689a47e76b0",
    "studentId": "eadd8985be9de822",
    "dateTs": "2022-06-28T10:00:00.000Z",
    "grade": 2,
    "description": "Examination",
    "weight": 2,
    "id": "CLQ78HSO1XF0DLFG",
    "classroomId": "1e838cb06cfeb01c"
  },
  {
    "subjectId": "e3c7b689a47e76b0",
    "studentId": "07da024df7a087de",
    "dateTs": "2022-06-28T10:00:00.000Z",
    "grade": 2,
    "description": "Examination",
    "weight": 2,
    "id": "PEJ17WQW4PW8JMLO",
    "classroomId": "84d4e4261f30a2e5"
  },
  {
    "subjectId": "e3c7b689a47e76b0",
    "studentId": "ac3120b4f97570e7",
    "dateTs": "2022-06-28T10:00:00.000Z",
    "grade": 3,
    "description": "Examination",
    "weight": 2,
    "id": "FXS64SGS3ZE1YUYJ",
    "classroomId": "84d4e4261f30a2e5"
  },
  {
    "subjectId": "e3c7b689a47e76b0",
    "studentId": "9c939e35da27a672",
    "dateTs": "2022-06-28T10:00:00.000Z",
    "grade": 1,
    "description": "Examination",
    "weight": 1,
    "id": "VCI12ELI6YT2OIGF",
    "classroomId": "1e838cb06cfeb01c"
  },
  {
    "subjectId": "dc3fd3109eb041ff",
    "studentId": "9c939e35da27a672",
    "dateTs": "2022-06-28T10:00:00.000Z",
    "grade": 2,
    "description": "Examination",
    "weight": 1,
    "id": "FAT34XXD4OJ3VOYU",
    "classroomId": "f780b198cf290778"
  },
  {
    "subjectId": "495a2f53e28edd18",
    "studentId": "d9422ca2ec991a1d",
    "dateTs": "2022-06-28T10:00:00.000Z",
    "grade": 3,
    "description": "Examination",
    "weight": 0.5,
    "id": "UDT58PTI8KS4HHHH",
    "classroomId": "1e838cb06cfeb01c"
  },
  {
    "subjectId": "ae3f5077053c5579",
    "studentId": "371fea4d0d3f2eb3",
    "dateTs": "2022-06-28T10:00:00.000Z",
    "grade": 3,
    "description": "Examination",
    "weight": 2,
    "id": "CWX04QGD1NM2IHBG",
    "classroomId": "f780b198cf290778"
  },
  {
    "subjectId": "3f9e05bc4aaa380b",
    "studentId": "b09de95269c6a4fc",
    "dateTs": "2022-06-28T10:00:00.000Z",
    "grade": 3,
    "description": "Examination",
    "weight": 1,
    "id": "RZE27IXP3XF2HPGQ",
    "classroomId": "1e838cb06cfeb01c"
  },
  {
    "subjectId": "3f9e05bc4aaa380b",
    "studentId": "261de3cf76400569",
    "dateTs": "2022-06-28T10:00:00.000Z",
    "grade": 2,
    "description": "Examination",
    "weight": 2,
    "id": "NLI23RKY8IX0FLEI",
    "classroomId": "1e838cb06cfeb01c"
  },
  {
    "subjectId": "e3c7b689a47e76b0",
    "studentId": "536a79c981c7b3da",
    "dateTs": "2022-06-28T10:00:00.000Z",
    "grade": 3,
    "description": "Examination",
    "weight": 2,
    "id": "UXV32KYB8YH3CDDA",
    "classroomId": "1e838cb06cfeb01c"
  },
  {
    "subjectId": "e3c7b689a47e76b0",
    "studentId": "7d113d09b6a14595",
    "dateTs": "2022-06-28T10:00:00.000Z",
    "grade": 3,
    "description": "Examination",
    "weight": 1,
    "id": "RBO18ULE2KT3ODOJ",
    "classroomId": "1e838cb06cfeb01c"
  },
  {
    "subjectId": "3f9e05bc4aaa380b",
    "studentId": "ca2a6214b06da004",
    "dateTs": "2022-06-28T10:00:00.000Z",
    "grade": 3,
    "description": "Examination",
    "weight": 1,
    "id": "NNO33IQK6TJ0MITM",
    "classroomId": "1e838cb06cfeb01c"
  },
  {
    "subjectId": "0258b9979e055af1",
    "studentId": "699e48498ad3a3b7",
    "dateTs": "2022-06-28T10:00:00.000Z",
    "grade": 5,
    "description": "Examination",
    "weight": 2,
    "id": "VEJ97DIO3YR1EKLQ",
    "classroomId": "f780b198cf290778"
  },
  {
    "subjectId": "495a2f53e28edd18",
    "studentId": "eadd8985be9de822",
    "dateTs": "2022-06-28T10:00:00.000Z",
    "grade": 4,
    "description": "Examination",
    "weight": 1,
    "id": "XNR13TGO6PY7WBHN",
    "classroomId": "84d4e4261f30a2e5"
  },
  {
    "subjectId": "3f9e05bc4aaa380b",
    "studentId": "b02c0a9c6494b3da",
    "dateTs": "2022-06-28T10:00:00.000Z",
    "grade": 2,
    "description": "Examination",
    "weight": 2,
    "id": "EBP68FTT8LQ6QJZG",
    "classroomId": "84d4e4261f30a2e5"
  },
  {
    "subjectId": "0258b9979e055af1",
    "studentId": "6009bd7dfc285757",
    "dateTs": "2022-06-28T10:00:00.000Z",
    "grade": 2,
    "description": "Examination",
    "weight": 2,
    "id": "MON15JWT8HK8PLZK",
    "classroomId": "1e838cb06cfeb01c"
  },
  {
    "subjectId": "3f9e05bc4aaa380b",
    "studentId": "301f906bb846a88a",
    "dateTs": "2022-06-28T10:00:00.000Z",
    "grade": 4,
    "description": "Examination",
    "weight": 2,
    "id": "VLI76JJL2HI2SOAV",
    "classroomId": "f780b198cf290778"
  },
  {
    "subjectId": "3f9e05bc4aaa380b",
    "studentId": "08f8ae10fe4483c0",
    "dateTs": "2022-06-28T10:00:00.000Z",
    "grade": 3,
    "description": "Examination",
    "weight": 1,
    "id": "CYJ97RVW0HL0UWWR",
    "classroomId": "1e838cb06cfeb01c"
  },
  {
    "subjectId": "3f9e05bc4aaa380b",
    "studentId": "c2b23f4524216014",
    "dateTs": "2022-06-28T10:00:00.000Z",
    "grade": 2,
    "description": "Examination",
    "weight": 2,
    "id": "CWU41LVZ1XI6RXWO",
    "classroomId": "84d4e4261f30a2e5"
  },
  {
    "subjectId": "3f9e05bc4aaa380b",
    "studentId": "c2b23f4524216014",
    "dateTs": "2022-06-28T10:00:00.000Z",
    "grade": 3,
    "description": "Examination",
    "weight": 1,
    "id": "VNG95XBR6LH3FUKK",
    "classroomId": "f780b198cf290778"
  },
  {
    "subjectId": "ae3f5077053c5579",
    "studentId": "476a8ce2c0803af5",
    "dateTs": "2022-06-28T10:00:00.000Z",
    "grade": 3,
    "description": "Examination",
    "weight": 0.5,
    "id": "SXV98BHJ2WQ5HKPW",
    "classroomId": "84d4e4261f30a2e5"
  },
  {
    "subjectId": "0258b9979e055af1",
    "studentId": "d6518140a5d6e2d0",
    "dateTs": "2022-06-28T10:00:00.000Z",
    "grade": 3,
    "description": "Examination",
    "weight": 1,
    "id": "LYN14UWR1MO3SFPD",
    "classroomId": "1e838cb06cfeb01c"
  },
  {
    "subjectId": "e3c7b689a47e76b0",
    "studentId": "23f1ee37227e59c5",
    "dateTs": "2022-06-28T10:00:00.000Z",
    "grade": 3,
    "description": "Examination",
    "weight": 2,
    "id": "IEN58BJF1HO7DVFS",
    "classroomId": "84d4e4261f30a2e5"
  },
  {
    "subjectId": "dc3fd3109eb041ff",
    "studentId": "699e48498ad3a3b7",
    "dateTs": "2022-06-28T10:00:00.000Z",
    "grade": 4,
    "description": "Examination",
    "weight": 1,
    "id": "VPP10KDC4GY1UHKL",
    "classroomId": "1e838cb06cfeb01c"
  },
  {
    "subjectId": "e3c7b689a47e76b0",
    "studentId": "23f1ee37227e59c5",
    "dateTs": "2022-06-28T10:00:00.000Z",
    "grade": 1,
    "description": "Examination",
    "weight": 1,
    "id": "UKB59LGW5OZ8RWTX",
    "classroomId": "1e838cb06cfeb01c"
  },
  {
    "subjectId": "e3c7b689a47e76b0",
    "studentId": "be854718a8b993db",
    "dateTs": "2022-06-28T10:00:00.000Z",
    "grade": 2,
    "description": "Examination",
    "weight": 1,
    "id": "HCY69FDB2YR2FUPW",
    "classroomId": "1e838cb06cfeb01c"
  },
  {
    "subjectId": "dc3fd3109eb041ff",
    "studentId": "07da024df7a087de",
    "dateTs": "2022-06-28T10:00:00.000Z",
    "grade": 4,
    "description": "Examination",
    "weight": 1,
    "id": "NWX87CFS6EB7ERPB",
    "classroomId": "f780b198cf290778"
  },
  {
    "subjectId": "495a2f53e28edd18",
    "studentId": "301f906bb846a88a",
    "dateTs": "2022-06-28T10:00:00.000Z",
    "grade": 1,
    "description": "Examination",
    "weight": 1,
    "id": "GWF66TLN2BZ3EBBW",
    "classroomId": "f780b198cf290778"
  },
  {
    "subjectId": "495a2f53e28edd18",
    "studentId": "d6518140a5d6e2d0",
    "dateTs": "2022-06-28T10:00:00.000Z",
    "grade": 3,
    "description": "Examination",
    "weight": 1,
    "id": "UFE75MXY9FB8CWID",
    "classroomId": "1e838cb06cfeb01c"
  },
  {
    "subjectId": "e3c7b689a47e76b0",
    "studentId": "06cf9a4f73700b97",
    "dateTs": "2022-06-28T10:00:00.000Z",
    "grade": 1,
    "description": "Examination",
    "weight": 1,
    "id": "ULJ67DXJ1TO8NPOZ",
    "classroomId": "84d4e4261f30a2e5"
  },
  {
    "subjectId": "ae3f5077053c5579",
    "studentId": "c2b23f4524216014",
    "dateTs": "2022-06-28T10:00:00.000Z",
    "grade": 3,
    "description": "Examination",
    "weight": 1,
    "id": "MMN06HOF9HW4ZMAL",
    "classroomId": "f780b198cf290778"
  },
  {
    "subjectId": "3f9e05bc4aaa380b",
    "studentId": "13a842f35a9ee9e1",
    "dateTs": "2022-06-28T10:00:00.000Z",
    "grade": 1,
    "description": "Examination",
    "weight": 2,
    "id": "GAD82DNE1NC7XIGN",
    "classroomId": "1e838cb06cfeb01c"
  },
  {
    "subjectId": "0258b9979e055af1",
    "studentId": "573aaf0225b01132",
    "dateTs": "2022-06-28T10:00:00.000Z",
    "grade": 2,
    "description": "Examination",
    "weight": 2,
    "id": "LHB52DGH8MU1TMXQ",
    "classroomId": "1e838cb06cfeb01c"
  },
  {
    "subjectId": "ae3f5077053c5579",
    "studentId": "0c294ecebd47635e",
    "dateTs": "2022-06-28T10:00:00.000Z",
    "grade": 4,
    "description": "Examination",
    "weight": 1,
    "id": "PWL06HUL5RK2RHTM",
    "classroomId": "1e838cb06cfeb01c"
  },
  {
    "subjectId": "e3c7b689a47e76b0",
    "studentId": "13a842f35a9ee9e1",
    "dateTs": "2022-06-28T10:00:00.000Z",
    "grade": 4,
    "description": "Examination",
    "weight": 1,
    "id": "TRE16SLJ0QW2JEWA",
    "classroomId": "1e838cb06cfeb01c"
  },
  {
    "subjectId": "3f9e05bc4aaa380b",
    "studentId": "5c5cffa89a34ff0f",
    "dateTs": "2022-06-28T10:00:00.000Z",
    "grade": 5,
    "description": "Examination",
    "weight": 1,
    "id": "HGO15UFT3XS4QFRB",
    "classroomId": "f780b198cf290778"
  },
  {
    "subjectId": "0258b9979e055af1",
    "studentId": "d9422ca2ec991a1d",
    "dateTs": "2022-06-28T10:00:00.000Z",
    "grade": 2,
    "description": "Examination",
    "weight": 0.5,
    "id": "TMY84JOS3FT3SVTH",
    "classroomId": "1e838cb06cfeb01c"
  },
  {
    "subjectId": "fe9919c1c95564cc",
    "studentId": "be854718a8b993db",
    "dateTs": "2022-06-28T10:00:00.000Z",
    "grade": 2,
    "description": "Examination",
    "weight": 2,
    "id": "KFN27RGH5CR4YVAS",
    "classroomId": "f780b198cf290778"
  },
  {
    "subjectId": "fe9919c1c95564cc",
    "studentId": "5c5cffa89a34ff0f",
    "dateTs": "2022-06-28T10:00:00.000Z",
    "grade": 2,
    "description": "Examination",
    "weight": 1,
    "id": "VGC57SLQ2JG5NUQV",
    "classroomId": "1e838cb06cfeb01c"
  },
  {
    "subjectId": "fe9919c1c95564cc",
    "studentId": "13a842f35a9ee9e1",
    "dateTs": "2022-06-28T10:00:00.000Z",
    "grade": 5,
    "description": "Examination",
    "weight": 1,
    "id": "TLA45UUM7UM8IBES",
    "classroomId": "1e838cb06cfeb01c"
  },
  {
    "subjectId": "ae3f5077053c5579",
    "studentId": "ac3120b4f97570e7",
    "dateTs": "2022-06-28T10:00:00.000Z",
    "grade": 2,
    "description": "Examination",
    "weight": 1,
    "id": "JFT31PLB9OR3JVBL",
    "classroomId": "1e838cb06cfeb01c"
  },
  {
    "subjectId": "e3c7b689a47e76b0",
    "studentId": "89a02d268b67cf7d",
    "dateTs": "2022-06-28T10:00:00.000Z",
    "grade": 1,
    "description": "Examination",
    "weight": 2,
    "id": "SKY04IQL1WL8SOIA",
    "classroomId": "84d4e4261f30a2e5"
  },
  {
    "subjectId": "0258b9979e055af1",
    "studentId": "e0e41d8e15869ebb",
    "dateTs": "2022-06-28T10:00:00.000Z",
    "grade": 4,
    "description": "Examination",
    "weight": 0.5,
    "id": "LVO68UQC3GL2UGUO",
    "classroomId": "f780b198cf290778"
  },
  {
    "subjectId": "ae3f5077053c5579",
    "studentId": "07da024df7a087de",
    "dateTs": "2022-06-28T10:00:00.000Z",
    "grade": 2,
    "description": "Examination",
    "weight": 2,
    "id": "DNB62HFH0QP3DMQE",
    "classroomId": "1e838cb06cfeb01c"
  },
  {
    "subjectId": "e3c7b689a47e76b0",
    "studentId": "c2b23f4524216014",
    "dateTs": "2022-06-28T10:00:00.000Z",
    "grade": 5,
    "description": "Examination",
    "weight": 1,
    "id": "RZZ15CNX0IO6UVHJ",
    "classroomId": "f780b198cf290778"
  },
  {
    "subjectId": "0258b9979e055af1",
    "studentId": "eadd8985be9de822",
    "dateTs": "2022-06-28T10:00:00.000Z",
    "grade": 4,
    "description": "Examination",
    "weight": 2,
    "id": "YYL38OXF1ZW9LKAH",
    "classroomId": "f780b198cf290778"
  },
  {
    "subjectId": "495a2f53e28edd18",
    "studentId": "be854718a8b993db",
    "dateTs": "2022-06-28T10:00:00.000Z",
    "grade": 2,
    "description": "Examination",
    "weight": 1,
    "id": "PGY60MMM3LK1YFTN",
    "classroomId": "1e838cb06cfeb01c"
  },
  {
    "subjectId": "3f9e05bc4aaa380b",
    "studentId": "371fea4d0d3f2eb3",
    "dateTs": "2022-06-28T10:00:00.000Z",
    "grade": 3,
    "description": "Examination",
    "weight": 2,
    "id": "PPW32RRV7FQ7HQQJ",
    "classroomId": "84d4e4261f30a2e5"
  },
  {
    "subjectId": "0258b9979e055af1",
    "studentId": "6501fe73999ded86",
    "dateTs": "2022-06-28T10:00:00.000Z",
    "grade": 4,
    "description": "Examination",
    "weight": 1,
    "id": "DLX75ZSP0AL2AIBW",
    "classroomId": "f780b198cf290778"
  },
  {
    "subjectId": "3f9e05bc4aaa380b",
    "studentId": "b02c0a9c6494b3da",
    "dateTs": "2022-06-28T10:00:00.000Z",
    "grade": 4,
    "description": "Examination",
    "weight": 2,
    "id": "PKV43TRG6VU1CDLP",
    "classroomId": "1e838cb06cfeb01c"
  },
  {
    "subjectId": "495a2f53e28edd18",
    "studentId": "be854718a8b993db",
    "dateTs": "2022-06-28T10:00:00.000Z",
    "grade": 3,
    "description": "Examination",
    "weight": 2,
    "id": "PVD28YTH9HP7BBST",
    "classroomId": "84d4e4261f30a2e5"
  },
  {
    "subjectId": "dc3fd3109eb041ff",
    "studentId": "bc0fc0ea958cef9c",
    "dateTs": "2022-06-28T10:00:00.000Z",
    "grade": 2,
    "description": "Examination",
    "weight": 1,
    "id": "UXV52YHZ5CB8QQFQ",
    "classroomId": "84d4e4261f30a2e5"
  },
  {
    "subjectId": "dc3fd3109eb041ff",
    "studentId": "06cf9a4f73700b97",
    "dateTs": "2022-06-28T10:00:00.000Z",
    "grade": 3,
    "description": "Examination",
    "weight": 1,
    "id": "PLP65KGF0EP3TXIO",
    "classroomId": "f780b198cf290778"
  },
  {
    "subjectId": "fe9919c1c95564cc",
    "studentId": "bc0fc0ea958cef9c",
    "dateTs": "2022-06-28T10:00:00.000Z",
    "grade": 4,
    "description": "Examination",
    "weight": 1,
    "id": "WEK37VBV0CW0EKKR",
    "classroomId": "f780b198cf290778"
  },
  {
    "subjectId": "0258b9979e055af1",
    "studentId": "371fea4d0d3f2eb3",
    "dateTs": "2022-06-28T10:00:00.000Z",
    "grade": 4,
    "description": "Examination",
    "weight": 1,
    "id": "WYQ11UEE6JH1WIAM",
    "classroomId": "1e838cb06cfeb01c"
  },
  {
    "subjectId": "e3c7b689a47e76b0",
    "studentId": "23f1ee37227e59c5",
    "dateTs": "2022-06-28T10:00:00.000Z",
    "grade": 2,
    "description": "Examination",
    "weight": 1,
    "id": "SJU88CZC5AS7TDJV",
    "classroomId": "1e838cb06cfeb01c"
  },
  {
    "subjectId": "e3c7b689a47e76b0",
    "studentId": "ac3120b4f97570e7",
    "dateTs": "2022-06-28T10:00:00.000Z",
    "grade": 3,
    "description": "Examination",
    "weight": 2,
    "id": "BOL22PCM3WE3BNOK",
    "classroomId": "f780b198cf290778"
  },
  {
    "subjectId": "3f9e05bc4aaa380b",
    "studentId": "c2b23f4524216014",
    "dateTs": "2022-06-28T10:00:00.000Z",
    "grade": 1,
    "description": "Examination",
    "weight": 1,
    "id": "OHL97UGS5EU3XJUV",
    "classroomId": "f780b198cf290778"
  },
  {
    "subjectId": "0258b9979e055af1",
    "studentId": "d6518140a5d6e2d0",
    "dateTs": "2022-06-28T10:00:00.000Z",
    "grade": 4,
    "description": "Examination",
    "weight": 2,
    "id": "GBD48UGY6HW3LUKG",
    "classroomId": "1e838cb06cfeb01c"
  },
  {
    "subjectId": "3f9e05bc4aaa380b",
    "studentId": "06cf9a4f73700b97",
    "dateTs": "2022-06-28T10:00:00.000Z",
    "grade": 3,
    "description": "Examination",
    "weight": 2,
    "id": "UYB23LRE5RN4BMWX",
    "classroomId": "84d4e4261f30a2e5"
  },
  {
    "subjectId": "e3c7b689a47e76b0",
    "studentId": "476a8ce2c0803af5",
    "dateTs": "2022-06-28T10:00:00.000Z",
    "grade": 3,
    "description": "Examination",
    "weight": 2,
    "id": "RKW32ZJB1XT8SMQP",
    "classroomId": "f780b198cf290778"
  },
  {
    "subjectId": "e3c7b689a47e76b0",
    "studentId": "d9422ca2ec991a1d",
    "dateTs": "2022-06-28T10:00:00.000Z",
    "grade": 3,
    "description": "Examination",
    "weight": 2,
    "id": "QTW66TRK7TR1DTSQ",
    "classroomId": "84d4e4261f30a2e5"
  },
  {
    "subjectId": "0258b9979e055af1",
    "studentId": "8fd09f3f5e2b4326",
    "dateTs": "2022-06-28T10:00:00.000Z",
    "grade": 2,
    "description": "Examination",
    "weight": 2,
    "id": "MTJ64KHB1NU5MOZY",
    "classroomId": "1e838cb06cfeb01c"
  },
  {
    "subjectId": "495a2f53e28edd18",
    "studentId": "b09de95269c6a4fc",
    "dateTs": "2022-06-28T10:00:00.000Z",
    "grade": 1,
    "description": "Examination",
    "weight": 1,
    "id": "WXN38IJR8IG0LUNS",
    "classroomId": "f780b198cf290778"
  },
  {
    "subjectId": "ae3f5077053c5579",
    "studentId": "c5df4117ea19efb8",
    "dateTs": "2022-06-28T10:00:00.000Z",
    "grade": 4,
    "description": "Examination",
    "weight": 1,
    "id": "QAX63LCU4UJ8VYMZ",
    "classroomId": "f780b198cf290778"
  },
  {
    "subjectId": "dc3fd3109eb041ff",
    "studentId": "bc0fc0ea958cef9c",
    "dateTs": "2022-06-28T10:00:00.000Z",
    "grade": 2,
    "description": "Examination",
    "weight": 2,
    "id": "JHC89IQM1XN4VRPM",
    "classroomId": "1e838cb06cfeb01c"
  },
  {
    "subjectId": "495a2f53e28edd18",
    "studentId": "ca2a6214b06da004",
    "dateTs": "2022-06-28T10:00:00.000Z",
    "grade": 3,
    "description": "Examination",
    "weight": 0.5,
    "id": "VKM91NSN8FX1TVYC",
    "classroomId": "f780b198cf290778"
  },
  {
    "subjectId": "fe9919c1c95564cc",
    "studentId": "536a79c981c7b3da",
    "dateTs": "2022-06-28T10:00:00.000Z",
    "grade": 3,
    "description": "Examination",
    "weight": 1,
    "id": "JRJ63COE8JH2NNYF",
    "classroomId": "1e838cb06cfeb01c"
  },
  {
    "subjectId": "3f9e05bc4aaa380b",
    "studentId": "2862a7b1abf33eed",
    "dateTs": "2022-06-28T10:00:00.000Z",
    "grade": 2,
    "description": "Examination",
    "weight": 2,
    "id": "SYU43KOH4BV2PDXV",
    "classroomId": "f780b198cf290778"
  },
  {
    "subjectId": "dc3fd3109eb041ff",
    "studentId": "d6518140a5d6e2d0",
    "dateTs": "2022-06-28T10:00:00.000Z",
    "grade": 5,
    "description": "Examination",
    "weight": 2,
    "id": "TWS74FIY6KN8BGRK",
    "classroomId": "1e838cb06cfeb01c"
  },
  {
    "subjectId": "495a2f53e28edd18",
    "studentId": "b09de95269c6a4fc",
    "dateTs": "2022-06-28T10:00:00.000Z",
    "grade": 3,
    "description": "Examination",
    "weight": 2,
    "id": "DIC54HUS1AF3BNQX",
    "classroomId": "1e838cb06cfeb01c"
  },
  {
    "subjectId": "0258b9979e055af1",
    "studentId": "6797c49e1a286d52",
    "dateTs": "2022-06-28T10:00:00.000Z",
    "grade": 2,
    "description": "Examination",
    "weight": 1,
    "id": "IGK97KSV4AY8KQBP",
    "classroomId": "84d4e4261f30a2e5"
  },
  {
    "subjectId": "dc3fd3109eb041ff",
    "studentId": "c2b23f4524216014",
    "dateTs": "2022-06-28T10:00:00.000Z",
    "grade": 4,
    "description": "Examination",
    "weight": 2,
    "id": "CNG22VJW6AE2QYIO",
    "classroomId": "1e838cb06cfeb01c"
  },
  {
    "subjectId": "3f9e05bc4aaa380b",
    "studentId": "261de3cf76400569",
    "dateTs": "2022-06-28T10:00:00.000Z",
    "grade": 3,
    "description": "Examination",
    "weight": 1,
    "id": "XFZ78BXE8DF3VVIP",
    "classroomId": "1e838cb06cfeb01c"
  },
  {
    "subjectId": "3f9e05bc4aaa380b",
    "studentId": "476a8ce2c0803af5",
    "dateTs": "2022-06-28T10:00:00.000Z",
    "grade": 2,
    "description": "Examination",
    "weight": 0.5,
    "id": "XAD67CPU0LI6NZFF",
    "classroomId": "1e838cb06cfeb01c"
  },
  {
    "subjectId": "495a2f53e28edd18",
    "studentId": "23f1ee37227e59c5",
    "dateTs": "2022-06-28T10:00:00.000Z",
    "grade": 3,
    "description": "Examination",
    "weight": 1,
    "id": "SWI42VHK5PP6FGMH",
    "classroomId": "f780b198cf290778"
  },
  {
    "subjectId": "e3c7b689a47e76b0",
    "studentId": "ca2a6214b06da004",
    "dateTs": "2022-06-28T10:00:00.000Z",
    "grade": 2,
    "description": "Examination",
    "weight": 2,
    "id": "EWP28VOF5FB5VWQQ",
    "classroomId": "1e838cb06cfeb01c"
  },
  {
    "subjectId": "e3c7b689a47e76b0",
    "studentId": "d6518140a5d6e2d0",
    "dateTs": "2022-06-28T10:00:00.000Z",
    "grade": 4,
    "description": "Examination",
    "weight": 1,
    "id": "VBF65GBS7XL1WMBO",
    "classroomId": "f780b198cf290778"
  },
  {
    "subjectId": "e3c7b689a47e76b0",
    "studentId": "be854718a8b993db",
    "dateTs": "2022-06-28T10:00:00.000Z",
    "grade": 3,
    "description": "Examination",
    "weight": 2,
    "id": "UJJ41MHQ4SX3GJPQ",
    "classroomId": "1e838cb06cfeb01c"
  },
  {
    "subjectId": "0258b9979e055af1",
    "studentId": "9c939e35da27a672",
    "dateTs": "2022-06-28T10:00:00.000Z",
    "grade": 4,
    "description": "Examination",
    "weight": 2,
    "id": "QSS12ONY6MJ1UWOX",
    "classroomId": "1e838cb06cfeb01c"
  },
  {
    "subjectId": "3f9e05bc4aaa380b",
    "studentId": "b09de95269c6a4fc",
    "dateTs": "2022-06-28T10:00:00.000Z",
    "grade": 2,
    "description": "Examination",
    "weight": 2,
    "id": "CFB67NAE5EG0JVIC",
    "classroomId": "1e838cb06cfeb01c"
  },
  {
    "subjectId": "dc3fd3109eb041ff",
    "studentId": "e0e41d8e15869ebb",
    "dateTs": "2022-06-28T10:00:00.000Z",
    "grade": 5,
    "description": "Examination",
    "weight": 2,
    "id": "LPX16PXO2WO7UAZI",
    "classroomId": "f780b198cf290778"
  },
  {
    "subjectId": "495a2f53e28edd18",
    "studentId": "9c939e35da27a672",
    "dateTs": "2022-06-28T10:00:00.000Z",
    "grade": 3,
    "description": "Examination",
    "weight": 2,
    "id": "ITB64LIO6XJ8ICXO",
    "classroomId": "1e838cb06cfeb01c"
  },
  {
    "subjectId": "ae3f5077053c5579",
    "studentId": "261de3cf76400569",
    "dateTs": "2022-06-28T10:00:00.000Z",
    "grade": 5,
    "description": "Examination",
    "weight": 1,
    "id": "DUH11FTL3RI1WLTY",
    "classroomId": "1e838cb06cfeb01c"
  },
  {
    "subjectId": "ae3f5077053c5579",
    "studentId": "be854718a8b993db",
    "dateTs": "2022-06-28T10:00:00.000Z",
    "grade": 5,
    "description": "Examination",
    "weight": 2,
    "id": "CAN38YWK4MZ2MMXD",
    "classroomId": "f780b198cf290778"
  },
  {
    "subjectId": "ae3f5077053c5579",
    "studentId": "9c939e35da27a672",
    "dateTs": "2022-06-28T10:00:00.000Z",
    "grade": 4,
    "description": "Examination",
    "weight": 2,
    "id": "QPK26COS7IC5IHIG",
    "classroomId": "1e838cb06cfeb01c"
  },
  {
    "subjectId": "ae3f5077053c5579",
    "studentId": "ca2a6214b06da004",
    "dateTs": "2022-06-28T10:00:00.000Z",
    "grade": 5,
    "description": "Examination",
    "weight": 2,
    "id": "MCX83DFJ1EJ5FJLC",
    "classroomId": "1e838cb06cfeb01c"
  },
  {
    "subjectId": "dc3fd3109eb041ff",
    "studentId": "2862a7b1abf33eed",
    "dateTs": "2022-06-28T10:00:00.000Z",
    "grade": 4,
    "description": "Examination",
    "weight": 2,
    "id": "JML59RGW6RC3CGAN",
    "classroomId": "1e838cb06cfeb01c"
  },
  {
    "subjectId": "dc3fd3109eb041ff",
    "studentId": "6501fe73999ded86",
    "dateTs": "2022-06-28T10:00:00.000Z",
    "grade": 1,
    "description": "Examination",
    "weight": 1,
    "id": "OYD71REG4OI4JJXN",
    "classroomId": "84d4e4261f30a2e5"
  },
  {
    "subjectId": "fe9919c1c95564cc",
    "studentId": "6501fe73999ded86",
    "dateTs": "2022-06-28T10:00:00.000Z",
    "grade": 2,
    "description": "Examination",
    "weight": 2,
    "id": "DGT38YMS3ET3WQLP",
    "classroomId": "1e838cb06cfeb01c"
  },
  {
    "subjectId": "dc3fd3109eb041ff",
    "studentId": "b09de95269c6a4fc",
    "dateTs": "2022-06-28T10:00:00.000Z",
    "grade": 5,
    "description": "Examination",
    "weight": 2,
    "id": "PSE39NNW3SL0YGDU",
    "classroomId": "84d4e4261f30a2e5"
  },
  {
    "subjectId": "e3c7b689a47e76b0",
    "studentId": "9c939e35da27a672",
    "dateTs": "2022-06-28T10:00:00.000Z",
    "grade": 3,
    "description": "Examination",
    "weight": 2,
    "id": "CNC23TYQ6LL3SNAB",
    "classroomId": "1e838cb06cfeb01c"
  },
  {
    "subjectId": "3f9e05bc4aaa380b",
    "studentId": "573aaf0225b01132",
    "dateTs": "2022-06-28T10:00:00.000Z",
    "grade": 4,
    "description": "Examination",
    "weight": 1,
    "id": "KBO46JUK8GI0TJWE",
    "classroomId": "1e838cb06cfeb01c"
  },
  {
    "subjectId": "e3c7b689a47e76b0",
    "studentId": "573aaf0225b01132",
    "dateTs": "2022-06-28T10:00:00.000Z",
    "grade": 4,
    "description": "Examination",
    "weight": 2,
    "id": "KBP36ILE2JW1PNDL",
    "classroomId": "1e838cb06cfeb01c"
  },
  {
    "subjectId": "0258b9979e055af1",
    "studentId": "9c939e35da27a672",
    "dateTs": "2022-06-28T10:00:00.000Z",
    "grade": 3,
    "description": "Examination",
    "weight": 2,
    "id": "QXO78FGI7OF1UQZT",
    "classroomId": "84d4e4261f30a2e5"
  },
  {
    "subjectId": "dc3fd3109eb041ff",
    "studentId": "301f906bb846a88a",
    "dateTs": "2022-06-28T10:00:00.000Z",
    "grade": 3,
    "description": "Examination",
    "weight": 2,
    "id": "SNA26WCF6YF5XRNT",
    "classroomId": "1e838cb06cfeb01c"
  },
  {
    "subjectId": "ae3f5077053c5579",
    "studentId": "ca2a6214b06da004",
    "dateTs": "2022-06-28T10:00:00.000Z",
    "grade": 3,
    "description": "Examination",
    "weight": 1,
    "id": "DBD32DOY8VM4JOMC",
    "classroomId": "f780b198cf290778"
  },
  {
    "subjectId": "495a2f53e28edd18",
    "studentId": "13a842f35a9ee9e1",
    "dateTs": "2022-06-28T10:00:00.000Z",
    "grade": 4,
    "description": "Examination",
    "weight": 2,
    "id": "RKU55UBN9QO8HNFU",
    "classroomId": "f780b198cf290778"
  },
  {
    "subjectId": "e3c7b689a47e76b0",
    "studentId": "6797c49e1a286d52",
    "dateTs": "2022-06-28T10:00:00.000Z",
    "grade": 2,
    "description": "Examination",
    "weight": 2,
    "id": "VNE90EBK3TU4VGKQ",
    "classroomId": "1e838cb06cfeb01c"
  },
  {
    "subjectId": "0258b9979e055af1",
    "studentId": "573aaf0225b01132",
    "dateTs": "2022-06-28T10:00:00.000Z",
    "grade": 3,
    "description": "Examination",
    "weight": 2,
    "id": "YMI42PEY5KT3HZIL",
    "classroomId": "1e838cb06cfeb01c"
  },
  {
    "subjectId": "3f9e05bc4aaa380b",
    "studentId": "06cf9a4f73700b97",
    "dateTs": "2022-06-28T10:00:00.000Z",
    "grade": 2,
    "description": "Examination",
    "weight": 1,
    "id": "YXI98TNK4DA6BAFQ",
    "classroomId": "84d4e4261f30a2e5"
  },
  {
    "subjectId": "ae3f5077053c5579",
    "studentId": "e9f0b68d60eee937",
    "dateTs": "2022-06-28T10:00:00.000Z",
    "grade": 1,
    "description": "Examination",
    "weight": 1,
    "id": "FJF35GVC0UG8DFUP",
    "classroomId": "84d4e4261f30a2e5"
  },
  {
    "subjectId": "0258b9979e055af1",
    "studentId": "ac3120b4f97570e7",
    "dateTs": "2022-06-28T10:00:00.000Z",
    "grade": 5,
    "description": "Examination",
    "weight": 1,
    "id": "HJF47BVJ7OD1FRIO",
    "classroomId": "1e838cb06cfeb01c"
  },
  {
    "subjectId": "ae3f5077053c5579",
    "studentId": "89a02d268b67cf7d",
    "dateTs": "2022-06-28T10:00:00.000Z",
    "grade": 3,
    "description": "Examination",
    "weight": 1,
    "id": "DCL85VYG3YL8ZHZB",
    "classroomId": "f780b198cf290778"
  },
  {
    "subjectId": "ae3f5077053c5579",
    "studentId": "13a842f35a9ee9e1",
    "dateTs": "2022-06-28T10:00:00.000Z",
    "grade": 4,
    "description": "Examination",
    "weight": 2,
    "id": "FDQ66GOE8KP8OWEK",
    "classroomId": "f780b198cf290778"
  },
  {
    "subjectId": "0258b9979e055af1",
    "studentId": "c2b23f4524216014",
    "dateTs": "2022-06-28T10:00:00.000Z",
    "grade": 1,
    "description": "Examination",
    "weight": 1,
    "id": "FXL88XWM3VG8HGFV",
    "classroomId": "1e838cb06cfeb01c"
  },
  {
    "subjectId": "e3c7b689a47e76b0",
    "studentId": "b02c0a9c6494b3da",
    "dateTs": "2022-06-28T10:00:00.000Z",
    "grade": 4,
    "description": "Examination",
    "weight": 2,
    "id": "USF18APP2VD5JRHE",
    "classroomId": "1e838cb06cfeb01c"
  },
  {
    "subjectId": "0258b9979e055af1",
    "studentId": "536a79c981c7b3da",
    "dateTs": "2022-06-28T10:00:00.000Z",
    "grade": 2,
    "description": "Examination",
    "weight": 1,
    "id": "BRK28XWB1KP7BKNA",
    "classroomId": "84d4e4261f30a2e5"
  },
  {
    "subjectId": "495a2f53e28edd18",
    "studentId": "c5df4117ea19efb8",
    "dateTs": "2022-06-28T10:00:00.000Z",
    "grade": 4,
    "description": "Examination",
    "weight": 2,
    "id": "EFF97RKZ9WE2POPD",
    "classroomId": "1e838cb06cfeb01c"
  },
  {
    "subjectId": "0258b9979e055af1",
    "studentId": "6797c49e1a286d52",
    "dateTs": "2022-06-28T10:00:00.000Z",
    "grade": 3,
    "description": "Examination",
    "weight": 2,
    "id": "OME37XPW3HJ9VBQM",
    "classroomId": "84d4e4261f30a2e5"
  },
  {
    "subjectId": "3f9e05bc4aaa380b",
    "studentId": "28c8b4e1136b1757",
    "dateTs": "2022-06-28T10:00:00.000Z",
    "grade": 4,
    "description": "Examination",
    "weight": 1,
    "id": "RYX51CMC8XH3TTMP",
    "classroomId": "1e838cb06cfeb01c"
  },
  {
    "subjectId": "ae3f5077053c5579",
    "studentId": "0c294ecebd47635e",
    "dateTs": "2022-06-28T10:00:00.000Z",
    "grade": 2,
    "description": "Examination",
    "weight": 2,
    "id": "TFI72IWT7SK5LQBU",
    "classroomId": "f780b198cf290778"
  },
  {
    "subjectId": "ae3f5077053c5579",
    "studentId": "b09de95269c6a4fc",
    "dateTs": "2022-06-28T10:00:00.000Z",
    "grade": 2,
    "description": "Examination",
    "weight": 1,
    "id": "PYK34JMU1AG8TXLP",
    "classroomId": "f780b198cf290778"
  },
  {
    "subjectId": "e3c7b689a47e76b0",
    "studentId": "d9422ca2ec991a1d",
    "dateTs": "2022-06-28T10:00:00.000Z",
    "grade": 4,
    "description": "Examination",
    "weight": 2,
    "id": "SQT05UHA0WF2HWQW",
    "classroomId": "1e838cb06cfeb01c"
  },
  {
    "subjectId": "3f9e05bc4aaa380b",
    "studentId": "699e48498ad3a3b7",
    "dateTs": "2022-06-28T10:00:00.000Z",
    "grade": 5,
    "description": "Examination",
    "weight": 2,
    "id": "VRS12UZF3TH4IORO",
    "classroomId": "84d4e4261f30a2e5"
  },
  {
    "subjectId": "3f9e05bc4aaa380b",
    "studentId": "8fd09f3f5e2b4326",
    "dateTs": "2022-06-28T10:00:00.000Z",
    "grade": 4,
    "description": "Examination",
    "weight": 0.5,
    "id": "EUA26BYE6VW3VJQK",
    "classroomId": "1e838cb06cfeb01c"
  },
  {
    "subjectId": "dc3fd3109eb041ff",
    "studentId": "c5df4117ea19efb8",
    "dateTs": "2022-06-28T10:00:00.000Z",
    "grade": 3,
    "description": "Examination",
    "weight": 1,
    "id": "VSD41RQS8NM7MOJL",
    "classroomId": "1e838cb06cfeb01c"
  },
  {
    "subjectId": "0258b9979e055af1",
    "studentId": "536a79c981c7b3da",
    "dateTs": "2022-06-28T10:00:00.000Z",
    "grade": 3,
    "description": "Examination",
    "weight": 1,
    "id": "ZUD83NYI8CY8QSGL",
    "classroomId": "f780b198cf290778"
  },
  {
    "subjectId": "495a2f53e28edd18",
    "studentId": "13a842f35a9ee9e1",
    "dateTs": "2022-06-28T10:00:00.000Z",
    "grade": 4,
    "description": "Examination",
    "weight": 1,
    "id": "XTX33JCK3AR3OLGH",
    "classroomId": "f780b198cf290778"
  },
  {
    "subjectId": "ae3f5077053c5579",
    "studentId": "6797c49e1a286d52",
    "dateTs": "2022-06-28T10:00:00.000Z",
    "grade": 5,
    "description": "Examination",
    "weight": 1,
    "id": "JKJ81IQX4LD4SXNN",
    "classroomId": "f780b198cf290778"
  },
  {
    "subjectId": "e3c7b689a47e76b0",
    "studentId": "6009bd7dfc285757",
    "dateTs": "2022-06-28T10:00:00.000Z",
    "grade": 5,
    "description": "Examination",
    "weight": 1,
    "id": "COO84QPL7OK3WEKL",
    "classroomId": "84d4e4261f30a2e5"
  },
  {
    "subjectId": "3f9e05bc4aaa380b",
    "studentId": "13a842f35a9ee9e1",
    "dateTs": "2022-06-28T10:00:00.000Z",
    "grade": 4,
    "description": "Examination",
    "weight": 1,
    "id": "SDE09HKC7TN6QCSK",
    "classroomId": "1e838cb06cfeb01c"
  },
  {
    "subjectId": "e3c7b689a47e76b0",
    "studentId": "7d113d09b6a14595",
    "dateTs": "2022-06-28T10:00:00.000Z",
    "grade": 2,
    "description": "Examination",
    "weight": 0.5,
    "id": "EXS21XFW5NY8XRRO",
    "classroomId": "84d4e4261f30a2e5"
  },
  {
    "subjectId": "3f9e05bc4aaa380b",
    "studentId": "261de3cf76400569",
    "dateTs": "2022-06-28T10:00:00.000Z",
    "grade": 3,
    "description": "Examination",
    "weight": 1,
    "id": "STE17NVV4QM6XVYB",
    "classroomId": "1e838cb06cfeb01c"
  },
  {
    "subjectId": "0258b9979e055af1",
    "studentId": "cc410feee9a28555",
    "dateTs": "2022-06-28T10:00:00.000Z",
    "grade": 2,
    "description": "Examination",
    "weight": 1,
    "id": "XZO86YLX6FN5OWNF",
    "classroomId": "f780b198cf290778"
  },
  {
    "subjectId": "ae3f5077053c5579",
    "studentId": "e0e41d8e15869ebb",
    "dateTs": "2022-06-28T10:00:00.000Z",
    "grade": 4,
    "description": "Examination",
    "weight": 2,
    "id": "TCE35ZAR5XX2VHCJ",
    "classroomId": "f780b198cf290778"
  },
  {
    "subjectId": "0258b9979e055af1",
    "studentId": "cc410feee9a28555",
    "dateTs": "2022-06-28T10:00:00.000Z",
    "grade": 4,
    "description": "Examination",
    "weight": 2,
    "id": "GIW54VLW7SI1ROCB",
    "classroomId": "1e838cb06cfeb01c"
  },
  {
    "subjectId": "3f9e05bc4aaa380b",
    "studentId": "89a02d268b67cf7d",
    "dateTs": "2022-06-28T10:00:00.000Z",
    "grade": 2,
    "description": "Examination",
    "weight": 1,
    "id": "ECM49FFB5AG3YNMQ",
    "classroomId": "f780b198cf290778"
  },
  {
    "subjectId": "dc3fd3109eb041ff",
    "studentId": "9c939e35da27a672",
    "dateTs": "2022-06-28T10:00:00.000Z",
    "grade": 2,
    "description": "Examination",
    "weight": 2,
    "id": "SGM51UIB0IC1YJXC",
    "classroomId": "1e838cb06cfeb01c"
  },
  {
    "subjectId": "495a2f53e28edd18",
    "studentId": "301f906bb846a88a",
    "dateTs": "2022-06-28T10:00:00.000Z",
    "grade": 1,
    "description": "Examination",
    "weight": 1,
    "id": "JVD68HCG1CU3UTUE",
    "classroomId": "1e838cb06cfeb01c"
  },
  {
    "subjectId": "dc3fd3109eb041ff",
    "studentId": "bc0fc0ea958cef9c",
    "dateTs": "2022-06-28T10:00:00.000Z",
    "grade": 2,
    "description": "Examination",
    "weight": 2,
    "id": "XST27BII0WA2OTQQ",
    "classroomId": "84d4e4261f30a2e5"
  },
  {
    "subjectId": "ae3f5077053c5579",
    "studentId": "3a956f5f08486498",
    "dateTs": "2022-06-28T10:00:00.000Z",
    "grade": 2,
    "description": "Examination",
    "weight": 1,
    "id": "DPK57WEQ5LG1PPSF",
    "classroomId": "f780b198cf290778"
  },
  {
    "subjectId": "0258b9979e055af1",
    "studentId": "6797c49e1a286d52",
    "dateTs": "2022-06-28T10:00:00.000Z",
    "grade": 4,
    "description": "Examination",
    "weight": 0.5,
    "id": "VIB88HUJ5US1MRUC",
    "classroomId": "1e838cb06cfeb01c"
  },
  {
    "subjectId": "e3c7b689a47e76b0",
    "studentId": "13a842f35a9ee9e1",
    "dateTs": "2022-06-28T10:00:00.000Z",
    "grade": 2,
    "description": "Examination",
    "weight": 1,
    "id": "PMN22BOQ6SN3QOPJ",
    "classroomId": "1e838cb06cfeb01c"
  },
  {
    "subjectId": "0258b9979e055af1",
    "studentId": "261de3cf76400569",
    "dateTs": "2022-06-28T10:00:00.000Z",
    "grade": 4,
    "description": "Examination",
    "weight": 1,
    "id": "PJN85FTC9JO7NIRU",
    "classroomId": "f780b198cf290778"
  },
  {
    "subjectId": "dc3fd3109eb041ff",
    "studentId": "be854718a8b993db",
    "dateTs": "2022-06-28T10:00:00.000Z",
    "grade": 5,
    "description": "Examination",
    "weight": 1,
    "id": "OKN37KHG2BG5HKWU",
    "classroomId": "1e838cb06cfeb01c"
  },
  {
    "subjectId": "e3c7b689a47e76b0",
    "studentId": "6797c49e1a286d52",
    "dateTs": "2022-06-28T10:00:00.000Z",
    "grade": 5,
    "description": "Examination",
    "weight": 1,
    "id": "CQO73DPL2EG9FTML",
    "classroomId": "84d4e4261f30a2e5"
  },
  {
    "subjectId": "3f9e05bc4aaa380b",
    "studentId": "5c5cffa89a34ff0f",
    "dateTs": "2022-06-28T10:00:00.000Z",
    "grade": 2,
    "description": "Examination",
    "weight": 1,
    "id": "GXS53EFH1QK2LSSE",
    "classroomId": "84d4e4261f30a2e5"
  },
  {
    "subjectId": "e3c7b689a47e76b0",
    "studentId": "2862a7b1abf33eed",
    "dateTs": "2022-06-28T10:00:00.000Z",
    "grade": 4,
    "description": "Examination",
    "weight": 1,
    "id": "BXF71INO0MQ8FBST",
    "classroomId": "1e838cb06cfeb01c"
  },
  {
    "subjectId": "fe9919c1c95564cc",
    "studentId": "89a02d268b67cf7d",
    "dateTs": "2022-06-28T10:00:00.000Z",
    "grade": 3,
    "description": "Examination",
    "weight": 2,
    "id": "SJY26DDO5XP2PSNG",
    "classroomId": "f780b198cf290778"
  },
  {
    "subjectId": "ae3f5077053c5579",
    "studentId": "b02c0a9c6494b3da",
    "dateTs": "2022-06-28T10:00:00.000Z",
    "grade": 5,
    "description": "Examination",
    "weight": 2,
    "id": "NFJ41NDO7OX6RTNN",
    "classroomId": "1e838cb06cfeb01c"
  },
  {
    "subjectId": "e3c7b689a47e76b0",
    "studentId": "476a8ce2c0803af5",
    "dateTs": "2022-06-28T10:00:00.000Z",
    "grade": 3,
    "description": "Examination",
    "weight": 1,
    "id": "VSV85TMR5UD2IQEF",
    "classroomId": "f780b198cf290778"
  },
  {
    "subjectId": "e3c7b689a47e76b0",
    "studentId": "b02c0a9c6494b3da",
    "dateTs": "2022-06-28T10:00:00.000Z",
    "grade": 4,
    "description": "Examination",
    "weight": 2,
    "id": "EDR61HLH8QM2BLJG",
    "classroomId": "1e838cb06cfeb01c"
  },
  {
    "subjectId": "dc3fd3109eb041ff",
    "studentId": "261de3cf76400569",
    "dateTs": "2022-06-28T10:00:00.000Z",
    "grade": 4,
    "description": "Examination",
    "weight": 1,
    "id": "JJP19YKV5NI5HYNV",
    "classroomId": "1e838cb06cfeb01c"
  },
  {
    "subjectId": "ae3f5077053c5579",
    "studentId": "ca2a6214b06da004",
    "dateTs": "2022-06-28T10:00:00.000Z",
    "grade": 2,
    "description": "Examination",
    "weight": 1,
    "id": "WSC93AYS6VN6SJWD",
    "classroomId": "84d4e4261f30a2e5"
  },
  {
    "subjectId": "495a2f53e28edd18",
    "studentId": "ca2a6214b06da004",
    "dateTs": "2022-06-28T10:00:00.000Z",
    "grade": 2,
    "description": "Examination",
    "weight": 1,
    "id": "QGC38YLP8KU0NNAX",
    "classroomId": "1e838cb06cfeb01c"
  },
  {
    "subjectId": "0258b9979e055af1",
    "studentId": "6797c49e1a286d52",
    "dateTs": "2022-06-28T10:00:00.000Z",
    "grade": 4,
    "description": "Examination",
    "weight": 2,
    "id": "LVW23SDY5FP4ZJRW",
    "classroomId": "1e838cb06cfeb01c"
  },
  {
    "subjectId": "dc3fd3109eb041ff",
    "studentId": "d6518140a5d6e2d0",
    "dateTs": "2022-06-28T10:00:00.000Z",
    "grade": 5,
    "description": "Examination",
    "weight": 1,
    "id": "MYE27TQC7UU6JTFP",
    "classroomId": "84d4e4261f30a2e5"
  },
  {
    "subjectId": "dc3fd3109eb041ff",
    "studentId": "d9422ca2ec991a1d",
    "dateTs": "2022-06-28T10:00:00.000Z",
    "grade": 3,
    "description": "Examination",
    "weight": 1,
    "id": "IWJ42YNK2ES3CGEO",
    "classroomId": "f780b198cf290778"
  },
  {
    "subjectId": "e3c7b689a47e76b0",
    "studentId": "cc410feee9a28555",
    "dateTs": "2022-06-28T10:00:00.000Z",
    "grade": 2,
    "description": "Examination",
    "weight": 2,
    "id": "EWV41EKU6US5AFPX",
    "classroomId": "1e838cb06cfeb01c"
  },
  {
    "subjectId": "ae3f5077053c5579",
    "studentId": "d9422ca2ec991a1d",
    "dateTs": "2022-06-28T10:00:00.000Z",
    "grade": 4,
    "description": "Examination",
    "weight": 2,
    "id": "GPR51EIX6DO6NENP",
    "classroomId": "f780b198cf290778"
  },
  {
    "subjectId": "495a2f53e28edd18",
    "studentId": "eadd8985be9de822",
    "dateTs": "2022-06-28T10:00:00.000Z",
    "grade": 2,
    "description": "Examination",
    "weight": 2,
    "id": "PGJ61LEM8NZ6RAGM",
    "classroomId": "1e838cb06cfeb01c"
  },
  {
    "subjectId": "dc3fd3109eb041ff",
    "studentId": "cc410feee9a28555",
    "dateTs": "2022-06-28T10:00:00.000Z",
    "grade": 2,
    "description": "Examination",
    "weight": 1,
    "id": "IRE70XQZ3HN5EKDC",
    "classroomId": "1e838cb06cfeb01c"
  },
  {
    "subjectId": "e3c7b689a47e76b0",
    "studentId": "cc410feee9a28555",
    "dateTs": "2022-06-28T10:00:00.000Z",
    "grade": 4,
    "description": "Examination",
    "weight": 2,
    "id": "KTZ65WWQ1PF5CNVC",
    "classroomId": "84d4e4261f30a2e5"
  },
  {
    "subjectId": "0258b9979e055af1",
    "studentId": "06cf9a4f73700b97",
    "dateTs": "2022-06-28T10:00:00.000Z",
    "grade": 3,
    "description": "Examination",
    "weight": 2,
    "id": "BJO85BCX0AD3WVIJ",
    "classroomId": "f780b198cf290778"
  },
  {
    "subjectId": "fe9919c1c95564cc",
    "studentId": "371fea4d0d3f2eb3",
    "dateTs": "2022-06-28T10:00:00.000Z",
    "grade": 5,
    "description": "Examination",
    "weight": 1,
    "id": "BLZ74RET4AI3TTRG",
    "classroomId": "f780b198cf290778"
  },
  {
    "subjectId": "ae3f5077053c5579",
    "studentId": "261de3cf76400569",
    "dateTs": "2022-06-28T10:00:00.000Z",
    "grade": 3,
    "description": "Examination",
    "weight": 2,
    "id": "UGT28OIV4GS0DKWF",
    "classroomId": "f780b198cf290778"
  },
  {
    "subjectId": "0258b9979e055af1",
    "studentId": "23f1ee37227e59c5",
    "dateTs": "2022-06-28T10:00:00.000Z",
    "grade": 4,
    "description": "Examination",
    "weight": 1,
    "id": "SCZ23EHO3GQ1PCYV",
    "classroomId": "84d4e4261f30a2e5"
  },
  {
    "subjectId": "3f9e05bc4aaa380b",
    "studentId": "06cf9a4f73700b97",
    "dateTs": "2022-06-28T10:00:00.000Z",
    "grade": 2,
    "description": "Examination",
    "weight": 1,
    "id": "KYZ62LHQ5CF1QPUR",
    "classroomId": "1e838cb06cfeb01c"
  },
  {
    "subjectId": "dc3fd3109eb041ff",
    "studentId": "89a02d268b67cf7d",
    "dateTs": "2022-06-28T10:00:00.000Z",
    "grade": 1,
    "description": "Examination",
    "weight": 2,
    "id": "TJO08MLB1DW7FVAT",
    "classroomId": "84d4e4261f30a2e5"
  },
  {
    "subjectId": "0258b9979e055af1",
    "studentId": "536a79c981c7b3da",
    "dateTs": "2022-06-28T10:00:00.000Z",
    "grade": 3,
    "description": "Examination",
    "weight": 2,
    "id": "ZUT97PEU5OR8PENO",
    "classroomId": "f780b198cf290778"
  },
  {
    "subjectId": "0258b9979e055af1",
    "studentId": "ca2a6214b06da004",
    "dateTs": "2022-06-28T10:00:00.000Z",
    "grade": 5,
    "description": "Examination",
    "weight": 2,
    "id": "KCO61MXC1TD4ETEU",
    "classroomId": "1e838cb06cfeb01c"
  },
  {
    "subjectId": "0258b9979e055af1",
    "studentId": "573aaf0225b01132",
    "dateTs": "2022-06-28T10:00:00.000Z",
    "grade": 3,
    "description": "Examination",
    "weight": 2,
    "id": "HTT75RAR1FI1BOCY",
    "classroomId": "84d4e4261f30a2e5"
  },
  {
    "subjectId": "dc3fd3109eb041ff",
    "studentId": "2862a7b1abf33eed",
    "dateTs": "2022-06-28T10:00:00.000Z",
    "grade": 2,
    "description": "Examination",
    "weight": 1,
    "id": "KGE31IQF3WK2VKGZ",
    "classroomId": "1e838cb06cfeb01c"
  },
  {
    "subjectId": "495a2f53e28edd18",
    "studentId": "ac3120b4f97570e7",
    "dateTs": "2022-06-28T10:00:00.000Z",
    "grade": 3,
    "description": "Examination",
    "weight": 1,
    "id": "TZS27WRN4MB7XUEX",
    "classroomId": "1e838cb06cfeb01c"
  },
  {
    "subjectId": "3f9e05bc4aaa380b",
    "studentId": "5c5cffa89a34ff0f",
    "dateTs": "2022-06-28T10:00:00.000Z",
    "grade": 3,
    "description": "Examination",
    "weight": 1,
    "id": "NTO82NRV3OX8GREG",
    "classroomId": "1e838cb06cfeb01c"
  },
  {
    "subjectId": "e3c7b689a47e76b0",
    "studentId": "261de3cf76400569",
    "dateTs": "2022-06-28T10:00:00.000Z",
    "grade": 1,
    "description": "Examination",
    "weight": 1,
    "id": "IVG69IWL6RI4WCUE",
    "classroomId": "f780b198cf290778"
  },
  {
    "subjectId": "e3c7b689a47e76b0",
    "studentId": "e9f0b68d60eee937",
    "dateTs": "2022-06-28T10:00:00.000Z",
    "grade": 3,
    "description": "Examination",
    "weight": 2,
    "id": "KIL48CYF2MC3EIQD",
    "classroomId": "1e838cb06cfeb01c"
  },
  {
    "subjectId": "3f9e05bc4aaa380b",
    "studentId": "476a8ce2c0803af5",
    "dateTs": "2022-06-28T10:00:00.000Z",
    "grade": 4,
    "description": "Examination",
    "weight": 2,
    "id": "LPU61YUM5JR2UUCG",
    "classroomId": "1e838cb06cfeb01c"
  },
  {
    "subjectId": "ae3f5077053c5579",
    "studentId": "699e48498ad3a3b7",
    "dateTs": "2022-06-28T10:00:00.000Z",
    "grade": 2,
    "description": "Examination",
    "weight": 2,
    "id": "TMV96OLM3JN0OVOF",
    "classroomId": "1e838cb06cfeb01c"
  },
  {
    "subjectId": "e3c7b689a47e76b0",
    "studentId": "eadd8985be9de822",
    "dateTs": "2022-06-28T10:00:00.000Z",
    "grade": 1,
    "description": "Examination",
    "weight": 2,
    "id": "UUS57CKF3NZ8BMGR",
    "classroomId": "f780b198cf290778"
  },
  {
    "subjectId": "e3c7b689a47e76b0",
    "studentId": "13a842f35a9ee9e1",
    "dateTs": "2022-06-28T10:00:00.000Z",
    "grade": 5,
    "description": "Examination",
    "weight": 1,
    "id": "JFC02UJN2GR5IZMF",
    "classroomId": "1e838cb06cfeb01c"
  },
  {
    "subjectId": "3f9e05bc4aaa380b",
    "studentId": "b02c0a9c6494b3da",
    "dateTs": "2022-06-28T10:00:00.000Z",
    "grade": 3,
    "description": "Examination",
    "weight": 2,
    "id": "FTC11ROB3TJ6EHZB",
    "classroomId": "1e838cb06cfeb01c"
  },
  {
    "subjectId": "dc3fd3109eb041ff",
    "studentId": "371fea4d0d3f2eb3",
    "dateTs": "2022-06-28T10:00:00.000Z",
    "grade": 2,
    "description": "Examination",
    "weight": 2,
    "id": "HIT15FOT3TU0CLTX",
    "classroomId": "1e838cb06cfeb01c"
  },
  {
    "subjectId": "e3c7b689a47e76b0",
    "studentId": "d9422ca2ec991a1d",
    "dateTs": "2022-06-28T10:00:00.000Z",
    "grade": 2,
    "description": "Examination",
    "weight": 2,
    "id": "UNF20ORN4ND4FQQB",
    "classroomId": "1e838cb06cfeb01c"
  },
  {
    "subjectId": "495a2f53e28edd18",
    "studentId": "ca2a6214b06da004",
    "dateTs": "2022-06-28T10:00:00.000Z",
    "grade": 2,
    "description": "Examination",
    "weight": 2,
    "id": "ETN87PAY6SI1XBAM",
    "classroomId": "84d4e4261f30a2e5"
  },
  {
    "subjectId": "ae3f5077053c5579",
    "studentId": "6501fe73999ded86",
    "dateTs": "2022-06-28T10:00:00.000Z",
    "grade": 3,
    "description": "Examination",
    "weight": 2,
    "id": "HGY44PLS3GM0HZIA",
    "classroomId": "84d4e4261f30a2e5"
  },
  {
    "subjectId": "0258b9979e055af1",
    "studentId": "6009bd7dfc285757",
    "dateTs": "2022-06-28T10:00:00.000Z",
    "grade": 2,
    "description": "Examination",
    "weight": 1,
    "id": "QNY31DBE8QX7NGRY",
    "classroomId": "1e838cb06cfeb01c"
  },
  {
    "subjectId": "3f9e05bc4aaa380b",
    "studentId": "7d113d09b6a14595",
    "dateTs": "2022-06-28T10:00:00.000Z",
    "grade": 4,
    "description": "Examination",
    "weight": 2,
    "id": "IXO28OGC4YW3TTPY",
    "classroomId": "84d4e4261f30a2e5"
  },
  {
    "subjectId": "dc3fd3109eb041ff",
    "studentId": "13a842f35a9ee9e1",
    "dateTs": "2022-06-28T10:00:00.000Z",
    "grade": 5,
    "description": "Examination",
    "weight": 2,
    "id": "WAY78CCC4PF7NBNM",
    "classroomId": "1e838cb06cfeb01c"
  },
  {
    "subjectId": "e3c7b689a47e76b0",
    "studentId": "6009bd7dfc285757",
    "dateTs": "2022-06-28T10:00:00.000Z",
    "grade": 4,
    "description": "Examination",
    "weight": 2,
    "id": "JWL01HLK9RE1WXIK",
    "classroomId": "1e838cb06cfeb01c"
  },
  {
    "subjectId": "ae3f5077053c5579",
    "studentId": "3a956f5f08486498",
    "dateTs": "2022-06-28T10:00:00.000Z",
    "grade": 4,
    "description": "Examination",
    "weight": 1,
    "id": "OTX62RCT6SM6LCKD",
    "classroomId": "f780b198cf290778"
  },
  {
    "subjectId": "dc3fd3109eb041ff",
    "studentId": "7d113d09b6a14595",
    "dateTs": "2022-06-28T10:00:00.000Z",
    "grade": 3,
    "description": "Examination",
    "weight": 2,
    "id": "IGG76ROW6EM8JFPF",
    "classroomId": "f780b198cf290778"
  },
  {
    "subjectId": "ae3f5077053c5579",
    "studentId": "ac3120b4f97570e7",
    "dateTs": "2022-06-28T10:00:00.000Z",
    "grade": 4,
    "description": "Examination",
    "weight": 1,
    "id": "YTM00NAM6YM3LVQU",
    "classroomId": "1e838cb06cfeb01c"
  },
  {
    "subjectId": "ae3f5077053c5579",
    "studentId": "eadd8985be9de822",
    "dateTs": "2022-06-28T10:00:00.000Z",
    "grade": 1,
    "description": "Examination",
    "weight": 1,
    "id": "DEA93JTF4MK2BQSW",
    "classroomId": "f780b198cf290778"
  },
  {
    "subjectId": "0258b9979e055af1",
    "studentId": "5c5cffa89a34ff0f",
    "dateTs": "2022-06-28T10:00:00.000Z",
    "grade": 4,
    "description": "Examination",
    "weight": 1,
    "id": "JCB32LZX2QD2ESCH",
    "classroomId": "f780b198cf290778"
  },
  {
    "subjectId": "dc3fd3109eb041ff",
    "studentId": "06cf9a4f73700b97",
    "dateTs": "2022-06-28T10:00:00.000Z",
    "grade": 3,
    "description": "Examination",
    "weight": 1,
    "id": "UUI33SXL8KG4CUKF",
    "classroomId": "1e838cb06cfeb01c"
  },
  {
    "subjectId": "fe9919c1c95564cc",
    "studentId": "536a79c981c7b3da",
    "dateTs": "2022-06-28T10:00:00.000Z",
    "grade": 3,
    "description": "Examination",
    "weight": 1,
    "id": "IND13FXH4OE1ZVOD",
    "classroomId": "1e838cb06cfeb01c"
  },
  {
    "subjectId": "3f9e05bc4aaa380b",
    "studentId": "261de3cf76400569",
    "dateTs": "2022-06-28T10:00:00.000Z",
    "grade": 5,
    "description": "Examination",
    "weight": 1,
    "id": "YUP54PRR4UP5UHZY",
    "classroomId": "84d4e4261f30a2e5"
  },
  {
    "subjectId": "495a2f53e28edd18",
    "studentId": "536a79c981c7b3da",
    "dateTs": "2022-06-28T10:00:00.000Z",
    "grade": 2,
    "description": "Examination",
    "weight": 2,
    "id": "OLT14KHV7SF6LTCN",
    "classroomId": "1e838cb06cfeb01c"
  },
  {
    "subjectId": "ae3f5077053c5579",
    "studentId": "476a8ce2c0803af5",
    "dateTs": "2022-06-28T10:00:00.000Z",
    "grade": 2,
    "description": "Examination",
    "weight": 1,
    "id": "TOF84SXC6RT2KGFC",
    "classroomId": "1e838cb06cfeb01c"
  },
  {
    "subjectId": "ae3f5077053c5579",
    "studentId": "be854718a8b993db",
    "dateTs": "2022-06-28T10:00:00.000Z",
    "grade": 3,
    "description": "Examination",
    "weight": 2,
    "id": "POO47ESE4OS2BFVO",
    "classroomId": "84d4e4261f30a2e5"
  },
  {
    "subjectId": "495a2f53e28edd18",
    "studentId": "573aaf0225b01132",
    "dateTs": "2022-06-28T10:00:00.000Z",
    "grade": 4,
    "description": "Examination",
    "weight": 2,
    "id": "FVF27GLX2NZ6AKHE",
    "classroomId": "1e838cb06cfeb01c"
  },
  {
    "subjectId": "0258b9979e055af1",
    "studentId": "ca2a6214b06da004",
    "dateTs": "2022-06-28T10:00:00.000Z",
    "grade": 2,
    "description": "Examination",
    "weight": 2,
    "id": "MIF40EME1UX6WPVD",
    "classroomId": "f780b198cf290778"
  },
  {
    "subjectId": "0258b9979e055af1",
    "studentId": "b09de95269c6a4fc",
    "dateTs": "2022-06-28T10:00:00.000Z",
    "grade": 2,
    "description": "Examination",
    "weight": 1,
    "id": "BMC34TPL4RJ3XQOI",
    "classroomId": "1e838cb06cfeb01c"
  },
  {
    "subjectId": "0258b9979e055af1",
    "studentId": "e0e41d8e15869ebb",
    "dateTs": "2022-06-28T10:00:00.000Z",
    "grade": 2,
    "description": "Examination",
    "weight": 2,
    "id": "BMB39JQU6KS2UIFN",
    "classroomId": "1e838cb06cfeb01c"
  },
  {
    "subjectId": "dc3fd3109eb041ff",
    "studentId": "e9f0b68d60eee937",
    "dateTs": "2022-06-28T10:00:00.000Z",
    "grade": 2,
    "description": "Examination",
    "weight": 1,
    "id": "URF61GVP6ID2TBJJ",
    "classroomId": "84d4e4261f30a2e5"
  },
  {
    "subjectId": "3f9e05bc4aaa380b",
    "studentId": "6009bd7dfc285757",
    "dateTs": "2022-06-28T10:00:00.000Z",
    "grade": 2,
    "description": "Examination",
    "weight": 2,
    "id": "MKI48QME1YE6IYIA",
    "classroomId": "f780b198cf290778"
  },
  {
    "subjectId": "ae3f5077053c5579",
    "studentId": "08f8ae10fe4483c0",
    "dateTs": "2022-06-28T10:00:00.000Z",
    "grade": 3,
    "description": "Examination",
    "weight": 1,
    "id": "YHE35QVI7PF1EJRZ",
    "classroomId": "84d4e4261f30a2e5"
  },
  {
    "subjectId": "e3c7b689a47e76b0",
    "studentId": "d9422ca2ec991a1d",
    "dateTs": "2022-06-28T10:00:00.000Z",
    "grade": 4,
    "description": "Examination",
    "weight": 2,
    "id": "AGH88VRD0WL8RUQL",
    "classroomId": "84d4e4261f30a2e5"
  },
  {
    "subjectId": "495a2f53e28edd18",
    "studentId": "ca2a6214b06da004",
    "dateTs": "2022-06-28T10:00:00.000Z",
    "grade": 4,
    "description": "Examination",
    "weight": 1,
    "id": "GXC52AID8VD1PWUG",
    "classroomId": "f780b198cf290778"
  },
  {
    "subjectId": "3f9e05bc4aaa380b",
    "studentId": "e9f0b68d60eee937",
    "dateTs": "2022-06-28T10:00:00.000Z",
    "grade": 1,
    "description": "Examination",
    "weight": 0.5,
    "id": "GFE65NFR4IY6TLMR",
    "classroomId": "84d4e4261f30a2e5"
  },
  {
    "subjectId": "e3c7b689a47e76b0",
    "studentId": "89a02d268b67cf7d",
    "dateTs": "2022-06-28T10:00:00.000Z",
    "grade": 3,
    "description": "Examination",
    "weight": 1,
    "id": "CVA32TLD2YQ7FPRP",
    "classroomId": "1e838cb06cfeb01c"
  },
  {
    "subjectId": "495a2f53e28edd18",
    "studentId": "c5df4117ea19efb8",
    "dateTs": "2022-06-28T10:00:00.000Z",
    "grade": 2,
    "description": "Examination",
    "weight": 2,
    "id": "OVL62LWM4UR3JATG",
    "classroomId": "f780b198cf290778"
  },
  {
    "subjectId": "0258b9979e055af1",
    "studentId": "3a956f5f08486498",
    "dateTs": "2022-06-28T10:00:00.000Z",
    "grade": 4,
    "description": "Examination",
    "weight": 1,
    "id": "DQS16VBW5IR5DCMQ",
    "classroomId": "f780b198cf290778"
  },
  {
    "subjectId": "ae3f5077053c5579",
    "studentId": "28c8b4e1136b1757",
    "dateTs": "2022-06-28T10:00:00.000Z",
    "grade": 3,
    "description": "Examination",
    "weight": 2,
    "id": "NRF71DQQ6KC7LLVP",
    "classroomId": "1e838cb06cfeb01c"
  },
  {
    "subjectId": "0258b9979e055af1",
    "studentId": "c2b23f4524216014",
    "dateTs": "2022-06-28T10:00:00.000Z",
    "grade": 5,
    "description": "Examination",
    "weight": 2,
    "id": "WKS39KBA6VK6VORP",
    "classroomId": "1e838cb06cfeb01c"
  },
  {
    "subjectId": "e3c7b689a47e76b0",
    "studentId": "cc410feee9a28555",
    "dateTs": "2022-06-28T10:00:00.000Z",
    "grade": 2,
    "description": "Examination",
    "weight": 1,
    "id": "OOY16KKV3PS5MPNG",
    "classroomId": "1e838cb06cfeb01c"
  },
  {
    "subjectId": "ae3f5077053c5579",
    "studentId": "476a8ce2c0803af5",
    "dateTs": "2022-06-28T10:00:00.000Z",
    "grade": 4,
    "description": "Examination",
    "weight": 2,
    "id": "TEB44TTD4YE9WDHC",
    "classroomId": "1e838cb06cfeb01c"
  },
  {
    "subjectId": "e3c7b689a47e76b0",
    "studentId": "536a79c981c7b3da",
    "dateTs": "2022-06-28T10:00:00.000Z",
    "grade": 3,
    "description": "Examination",
    "weight": 1,
    "id": "BLM41MHW0XW5LQKG",
    "classroomId": "84d4e4261f30a2e5"
  },
  {
    "subjectId": "ae3f5077053c5579",
    "studentId": "6009bd7dfc285757",
    "dateTs": "2022-06-28T10:00:00.000Z",
    "grade": 4,
    "description": "Examination",
    "weight": 2,
    "id": "GFJ36UFF7UR7BSHN",
    "classroomId": "84d4e4261f30a2e5"
  },
  {
    "subjectId": "fe9919c1c95564cc",
    "studentId": "6797c49e1a286d52",
    "dateTs": "2022-06-28T10:00:00.000Z",
    "grade": 3,
    "description": "Examination",
    "weight": 1,
    "id": "MID72MMQ7RI6DNQS",
    "classroomId": "1e838cb06cfeb01c"
  },
  {
    "subjectId": "e3c7b689a47e76b0",
    "studentId": "3a956f5f08486498",
    "dateTs": "2022-06-28T10:00:00.000Z",
    "grade": 3,
    "description": "Examination",
    "weight": 2,
    "id": "SMS30GDN8OW5YFCB",
    "classroomId": "1e838cb06cfeb01c"
  },
  {
    "subjectId": "dc3fd3109eb041ff",
    "studentId": "573aaf0225b01132",
    "dateTs": "2022-06-28T10:00:00.000Z",
    "grade": 3,
    "description": "Examination",
    "weight": 1,
    "id": "FWF13DRW1JH4UNLS",
    "classroomId": "1e838cb06cfeb01c"
  },
  {
    "subjectId": "fe9919c1c95564cc",
    "studentId": "7d113d09b6a14595",
    "dateTs": "2022-06-28T10:00:00.000Z",
    "grade": 2,
    "description": "Examination",
    "weight": 0.5,
    "id": "QRN47VEF1NX6SPWB",
    "classroomId": "84d4e4261f30a2e5"
  },
  {
    "subjectId": "ae3f5077053c5579",
    "studentId": "b09de95269c6a4fc",
    "dateTs": "2022-06-28T10:00:00.000Z",
    "grade": 5,
    "description": "Examination",
    "weight": 1,
    "id": "UDT51RFU7NE3UVKP",
    "classroomId": "f780b198cf290778"
  },
  {
    "subjectId": "3f9e05bc4aaa380b",
    "studentId": "371fea4d0d3f2eb3",
    "dateTs": "2022-06-28T10:00:00.000Z",
    "grade": 2,
    "description": "Examination",
    "weight": 2,
    "id": "DDF28TOI6KU1VWIX",
    "classroomId": "f780b198cf290778"
  },
  {
    "subjectId": "fe9919c1c95564cc",
    "studentId": "6797c49e1a286d52",
    "dateTs": "2022-06-28T10:00:00.000Z",
    "grade": 4,
    "description": "Examination",
    "weight": 2,
    "id": "MTC83CRC8LA5CFJD",
    "classroomId": "1e838cb06cfeb01c"
  },
  {
    "subjectId": "dc3fd3109eb041ff",
    "studentId": "699e48498ad3a3b7",
    "dateTs": "2022-06-28T10:00:00.000Z",
    "grade": 2,
    "description": "Examination",
    "weight": 1,
    "id": "GKF14GUG8BB6ROEP",
    "classroomId": "1e838cb06cfeb01c"
  },
  {
    "subjectId": "495a2f53e28edd18",
    "studentId": "d6518140a5d6e2d0",
    "dateTs": "2022-06-28T10:00:00.000Z",
    "grade": 2,
    "description": "Examination",
    "weight": 1,
    "id": "IDM43AES7CR3IJQY",
    "classroomId": "1e838cb06cfeb01c"
  },
  {
    "subjectId": "3f9e05bc4aaa380b",
    "studentId": "371fea4d0d3f2eb3",
    "dateTs": "2022-06-28T10:00:00.000Z",
    "grade": 1,
    "description": "Examination",
    "weight": 2,
    "id": "XQG17OYG8MM5PTPL",
    "classroomId": "f780b198cf290778"
  },
  {
    "subjectId": "e3c7b689a47e76b0",
    "studentId": "573aaf0225b01132",
    "dateTs": "2022-06-28T10:00:00.000Z",
    "grade": 3,
    "description": "Examination",
    "weight": 0.5,
    "id": "WVN31PTU0CJ6QQUY",
    "classroomId": "84d4e4261f30a2e5"
  },
  {
    "subjectId": "e3c7b689a47e76b0",
    "studentId": "ca2a6214b06da004",
    "dateTs": "2022-06-28T10:00:00.000Z",
    "grade": 2,
    "description": "Examination",
    "weight": 2,
    "id": "VLH25JUT5FU0DHGA",
    "classroomId": "1e838cb06cfeb01c"
  },
  {
    "subjectId": "0258b9979e055af1",
    "studentId": "bc0fc0ea958cef9c",
    "dateTs": "2022-06-28T10:00:00.000Z",
    "grade": 4,
    "description": "Examination",
    "weight": 1,
    "id": "GPH30GVD2EK9SYRB",
    "classroomId": "f780b198cf290778"
  },
  {
    "subjectId": "dc3fd3109eb041ff",
    "studentId": "9c939e35da27a672",
    "dateTs": "2022-06-28T10:00:00.000Z",
    "grade": 5,
    "description": "Examination",
    "weight": 2,
    "id": "SRS11MET8SP9OCTG",
    "classroomId": "84d4e4261f30a2e5"
  },
  {
    "subjectId": "dc3fd3109eb041ff",
    "studentId": "6009bd7dfc285757",
    "dateTs": "2022-06-28T10:00:00.000Z",
    "grade": 4,
    "description": "Examination",
    "weight": 2,
    "id": "WZX44SGY8CI7CLRC",
    "classroomId": "f780b198cf290778"
  },
  {
    "subjectId": "3f9e05bc4aaa380b",
    "studentId": "ac3120b4f97570e7",
    "dateTs": "2022-06-28T10:00:00.000Z",
    "grade": 5,
    "description": "Examination",
    "weight": 2,
    "id": "LII59HTM5YE8HMRE",
    "classroomId": "84d4e4261f30a2e5"
  },
  {
    "subjectId": "ae3f5077053c5579",
    "studentId": "28c8b4e1136b1757",
    "dateTs": "2022-06-28T10:00:00.000Z",
    "grade": 4,
    "description": "Examination",
    "weight": 2,
    "id": "OHX27QHM5XT5KYDG",
    "classroomId": "1e838cb06cfeb01c"
  },
  {
    "subjectId": "495a2f53e28edd18",
    "studentId": "476a8ce2c0803af5",
    "dateTs": "2022-06-28T10:00:00.000Z",
    "grade": 4,
    "description": "Examination",
    "weight": 2,
    "id": "JPC13FSO8CD5QTSY",
    "classroomId": "f780b198cf290778"
  },
  {
    "subjectId": "ae3f5077053c5579",
    "studentId": "ca2a6214b06da004",
    "dateTs": "2022-06-28T10:00:00.000Z",
    "grade": 4,
    "description": "Examination",
    "weight": 2,
    "id": "GFA34DBL8UF4HHUO",
    "classroomId": "1e838cb06cfeb01c"
  },
  {
    "subjectId": "3f9e05bc4aaa380b",
    "studentId": "b09de95269c6a4fc",
    "dateTs": "2022-06-28T10:00:00.000Z",
    "grade": 1,
    "description": "Examination",
    "weight": 2,
    "id": "XQP21EQE1DV4NQPB",
    "classroomId": "84d4e4261f30a2e5"
  },
  {
    "subjectId": "dc3fd3109eb041ff",
    "studentId": "261de3cf76400569",
    "dateTs": "2022-06-28T10:00:00.000Z",
    "grade": 4,
    "description": "Examination",
    "weight": 1,
    "id": "YVP42SXI8VT4JPVY",
    "classroomId": "f780b198cf290778"
  },
  {
    "subjectId": "dc3fd3109eb041ff",
    "studentId": "b02c0a9c6494b3da",
    "dateTs": "2022-06-28T10:00:00.000Z",
    "grade": 3,
    "description": "Examination",
    "weight": 1,
    "id": "ZDK81PAV4OG0JUVG",
    "classroomId": "1e838cb06cfeb01c"
  },
  {
    "subjectId": "e3c7b689a47e76b0",
    "studentId": "07da024df7a087de",
    "dateTs": "2022-06-28T10:00:00.000Z",
    "grade": 2,
    "description": "Examination",
    "weight": 1,
    "id": "IZR28HCD1FM1WIKY",
    "classroomId": "84d4e4261f30a2e5"
  },
  {
    "subjectId": "e3c7b689a47e76b0",
    "studentId": "c5df4117ea19efb8",
    "dateTs": "2022-06-28T10:00:00.000Z",
    "grade": 5,
    "description": "Examination",
    "weight": 1,
    "id": "HTO14KCS9HO6DCCT",
    "classroomId": "f780b198cf290778"
  },
  {
    "subjectId": "fe9919c1c95564cc",
    "studentId": "b09de95269c6a4fc",
    "dateTs": "2022-06-28T10:00:00.000Z",
    "grade": 2,
    "description": "Examination",
    "weight": 2,
    "id": "SAW95IXR6IR5DSRQ",
    "classroomId": "84d4e4261f30a2e5"
  },
  {
    "subjectId": "3f9e05bc4aaa380b",
    "studentId": "0c294ecebd47635e",
    "dateTs": "2022-06-28T10:00:00.000Z",
    "grade": 4,
    "description": "Examination",
    "weight": 1,
    "id": "XDV03CGO2QL8PCKP",
    "classroomId": "f780b198cf290778"
  },
  {
    "subjectId": "495a2f53e28edd18",
    "studentId": "7d113d09b6a14595",
    "dateTs": "2022-06-28T10:00:00.000Z",
    "grade": 3,
    "description": "Examination",
    "weight": 2,
    "id": "HNP53ZCP2YX7IYLU",
    "classroomId": "f780b198cf290778"
  },
  {
    "subjectId": "3f9e05bc4aaa380b",
    "studentId": "c2b23f4524216014",
    "dateTs": "2022-06-28T10:00:00.000Z",
    "grade": 1,
    "description": "Examination",
    "weight": 1,
    "id": "HAI67RAA4QB6XKWQ",
    "classroomId": "f780b198cf290778"
  },
  {
    "subjectId": "0258b9979e055af1",
    "studentId": "06cf9a4f73700b97",
    "dateTs": "2022-06-28T10:00:00.000Z",
    "grade": 4,
    "description": "Examination",
    "weight": 2,
    "id": "OZK90LMW4JV8EMBG",
    "classroomId": "84d4e4261f30a2e5"
  },
  {
    "subjectId": "fe9919c1c95564cc",
    "studentId": "301f906bb846a88a",
    "dateTs": "2022-06-28T10:00:00.000Z",
    "grade": 3,
    "description": "Examination",
    "weight": 1,
    "id": "SOS76NRT6YD8SVGU",
    "classroomId": "f780b198cf290778"
  },
  {
    "subjectId": "e3c7b689a47e76b0",
    "studentId": "d6518140a5d6e2d0",
    "dateTs": "2022-06-28T10:00:00.000Z",
    "grade": 4,
    "description": "Examination",
    "weight": 0.5,
    "id": "LLO69UJQ1AU7FWYX",
    "classroomId": "1e838cb06cfeb01c"
  },
  {
    "subjectId": "e3c7b689a47e76b0",
    "studentId": "6009bd7dfc285757",
    "dateTs": "2022-06-28T10:00:00.000Z",
    "grade": 4,
    "description": "Examination",
    "weight": 2,
    "id": "NHQ72QIX0FS9AWMT",
    "classroomId": "1e838cb06cfeb01c"
  },
  {
    "subjectId": "e3c7b689a47e76b0",
    "studentId": "cc410feee9a28555",
    "dateTs": "2022-06-28T10:00:00.000Z",
    "grade": 5,
    "description": "Examination",
    "weight": 1,
    "id": "MLE79YVZ5FR3EDXY",
    "classroomId": "84d4e4261f30a2e5"
  },
  {
    "subjectId": "e3c7b689a47e76b0",
    "studentId": "d9422ca2ec991a1d",
    "dateTs": "2022-06-28T10:00:00.000Z",
    "grade": 3,
    "description": "Examination",
    "weight": 1,
    "id": "SSE06PIY5QR1GAJD",
    "classroomId": "f780b198cf290778"
  },
  {
    "subjectId": "dc3fd3109eb041ff",
    "studentId": "3a956f5f08486498",
    "dateTs": "2022-06-28T10:00:00.000Z",
    "grade": 2,
    "description": "Examination",
    "weight": 1,
    "id": "ICV85WKO8MP2IZDK",
    "classroomId": "84d4e4261f30a2e5"
  },
  {
    "subjectId": "3f9e05bc4aaa380b",
    "studentId": "9c939e35da27a672",
    "dateTs": "2022-06-28T10:00:00.000Z",
    "grade": 2,
    "description": "Examination",
    "weight": 1,
    "id": "BCE98HIC2WC3NKIG",
    "classroomId": "1e838cb06cfeb01c"
  },
  {
    "subjectId": "3f9e05bc4aaa380b",
    "studentId": "6797c49e1a286d52",
    "dateTs": "2022-06-28T10:00:00.000Z",
    "grade": 3,
    "description": "Examination",
    "weight": 1,
    "id": "NOV82IWW2TE1KOTF",
    "classroomId": "f780b198cf290778"
  },
  {
    "subjectId": "495a2f53e28edd18",
    "studentId": "d9422ca2ec991a1d",
    "dateTs": "2022-06-28T10:00:00.000Z",
    "grade": 1,
    "description": "Examination",
    "weight": 1,
    "id": "DZH85YDQ6XF3KIUX",
    "classroomId": "1e838cb06cfeb01c"
  },
  {
    "subjectId": "e3c7b689a47e76b0",
    "studentId": "b09de95269c6a4fc",
    "dateTs": "2022-06-28T10:00:00.000Z",
    "grade": 2,
    "description": "Examination",
    "weight": 1,
    "id": "BLP72ICC5KH1XFRU",
    "classroomId": "1e838cb06cfeb01c"
  },
  {
    "subjectId": "e3c7b689a47e76b0",
    "studentId": "9c939e35da27a672",
    "dateTs": "2022-06-28T10:00:00.000Z",
    "grade": 2,
    "description": "Examination",
    "weight": 2,
    "id": "IWA57YEK7DM5KLDZ",
    "classroomId": "1e838cb06cfeb01c"
  },
  {
    "subjectId": "495a2f53e28edd18",
    "studentId": "b09de95269c6a4fc",
    "dateTs": "2022-06-28T10:00:00.000Z",
    "grade": 4,
    "description": "Examination",
    "weight": 2,
    "id": "AJY93HMP1GM7ZHVL",
    "classroomId": "1e838cb06cfeb01c"
  },
  {
    "subjectId": "e3c7b689a47e76b0",
    "studentId": "07da024df7a087de",
    "dateTs": "2022-06-28T10:00:00.000Z",
    "grade": 1,
    "description": "Examination",
    "weight": 1,
    "id": "PBW54YUZ9LR6RRXY",
    "classroomId": "1e838cb06cfeb01c"
  },
  {
    "subjectId": "dc3fd3109eb041ff",
    "studentId": "6797c49e1a286d52",
    "dateTs": "2022-06-28T10:00:00.000Z",
    "grade": 1,
    "description": "Examination",
    "weight": 2,
    "id": "OLD78RQW9HJ3BSTI",
    "classroomId": "1e838cb06cfeb01c"
  },
  {
    "subjectId": "3f9e05bc4aaa380b",
    "studentId": "301f906bb846a88a",
    "dateTs": "2022-06-28T10:00:00.000Z",
    "grade": 3,
    "description": "Examination",
    "weight": 2,
    "id": "DTE45PLL2FH8TWDG",
    "classroomId": "f780b198cf290778"
  },
  {
    "subjectId": "dc3fd3109eb041ff",
    "studentId": "23f1ee37227e59c5",
    "dateTs": "2022-06-28T10:00:00.000Z",
    "grade": 2,
    "description": "Examination",
    "weight": 1,
    "id": "KOX18QQG8TJ8OTQJ",
    "classroomId": "1e838cb06cfeb01c"
  },
  {
    "subjectId": "e3c7b689a47e76b0",
    "studentId": "06cf9a4f73700b97",
    "dateTs": "2022-06-28T10:00:00.000Z",
    "grade": 2,
    "description": "Examination",
    "weight": 2,
    "id": "MNL85FEM5MK4QGXD",
    "classroomId": "1e838cb06cfeb01c"
  },
  {
    "subjectId": "ae3f5077053c5579",
    "studentId": "d9422ca2ec991a1d",
    "dateTs": "2022-06-28T10:00:00.000Z",
    "grade": 1,
    "description": "Examination",
    "weight": 1,
    "id": "MNI73VEM2OE5MICD",
    "classroomId": "f780b198cf290778"
  },
  {
    "subjectId": "ae3f5077053c5579",
    "studentId": "6797c49e1a286d52",
    "dateTs": "2022-06-28T10:00:00.000Z",
    "grade": 2,
    "description": "Examination",
    "weight": 1,
    "id": "CTK83HRW2UF2CTLK",
    "classroomId": "1e838cb06cfeb01c"
  },
  {
    "subjectId": "0258b9979e055af1",
    "studentId": "07da024df7a087de",
    "dateTs": "2022-06-28T10:00:00.000Z",
    "grade": 4,
    "description": "Examination",
    "weight": 1,
    "id": "VLR53MDK5IZ2MRBK",
    "classroomId": "1e838cb06cfeb01c"
  },
  {
    "subjectId": "dc3fd3109eb041ff",
    "studentId": "e0e41d8e15869ebb",
    "dateTs": "2022-06-28T10:00:00.000Z",
    "grade": 3,
    "description": "Examination",
    "weight": 1,
    "id": "FBT74VHC0EM1QRFV",
    "classroomId": "1e838cb06cfeb01c"
  },
  {
    "subjectId": "ae3f5077053c5579",
    "studentId": "b09de95269c6a4fc",
    "dateTs": "2022-06-28T10:00:00.000Z",
    "grade": 4,
    "description": "Examination",
    "weight": 2,
    "id": "BBV34HCL6LY1LZUL",
    "classroomId": "84d4e4261f30a2e5"
  },
  {
    "subjectId": "495a2f53e28edd18",
    "studentId": "c5df4117ea19efb8",
    "dateTs": "2022-06-28T10:00:00.000Z",
    "grade": 2,
    "description": "Examination",
    "weight": 1,
    "id": "QAG39GYL3NN0QGTI",
    "classroomId": "1e838cb06cfeb01c"
  },
  {
    "subjectId": "3f9e05bc4aaa380b",
    "studentId": "07da024df7a087de",
    "dateTs": "2022-06-28T10:00:00.000Z",
    "grade": 2,
    "description": "Examination",
    "weight": 2,
    "id": "MFH95YDH0JL3KQDB",
    "classroomId": "1e838cb06cfeb01c"
  },
  {
    "subjectId": "dc3fd3109eb041ff",
    "studentId": "c2b23f4524216014",
    "dateTs": "2022-06-28T10:00:00.000Z",
    "grade": 4,
    "description": "Examination",
    "weight": 1,
    "id": "QHX35DOS7BX1KQDB",
    "classroomId": "1e838cb06cfeb01c"
  },
  {
    "subjectId": "495a2f53e28edd18",
    "studentId": "89a02d268b67cf7d",
    "dateTs": "2022-06-28T10:00:00.000Z",
    "grade": 2,
    "description": "Examination",
    "weight": 1,
    "id": "RCN61ZKX1HE1FRTK",
    "classroomId": "84d4e4261f30a2e5"
  }
]
