[
  {
    "id": "978-80-7683-066-0",
    "name": "Lov",
    "student": "Bernard Minier",
    "image": "lov-9788076830660.jpg",
    "studentList": [
      "a5c0081d53f0fea2ab61e121714bac28682a75517e8f38c9ab3c7e742a097849"
    ],
    "error": {
      "message": "Request failed with status code 400",
      "name": "Error",
      "stack": "Error: Request failed with status code 400\n    at createError (D:\\bcaa\\node_modules\\axios\\lib\\core\\createError.js:16:15)\n    at settle (D:\\bcaa\\node_modules\\axios\\lib\\core\\settle.js:17:12)\n    at IncomingMessage.handleStreamEnd (D:\\bcaa\\node_modules\\axios\\lib\\adapters\\http.js:322:11)\n    at IncomingMessage.emit (events.js:412:35)\n    at endReadableNT (internal/streams/readable.js:1334:12)\n    at processTicksAndRejections (internal/process/task_queues.js:82:21)",
      "config": {
        "transitional": {
          "silentJSONParsing": true,
          "forcedJSONParsing": true,
          "clarifyTimeoutError": false
        },
        "transformRequest": [
          null
        ],
        "transformResponse": [
          null
        ],
        "timeout": 0,
        "xsrfCookieName": "XSRF-TOKEN",
        "xsrfHeaderName": "X-XSRF-TOKEN",
        "maxContentLength": -1,
        "maxBodyLength": -1,
        "headers": {
          "Accept": "application/json, text/plain, */*",
          "Content-Type": "application/json",
          "User-Agent": "axios/0.26.1",
          "Content-Length": 121
        },
        "method": "post",
        "url": "http://localhost:3000/classroom/create",
        "data": "{\"id\":\"978-80-7683-066-0\",\"name\":\"Lov\",\"studentList\":[\"a5c0081d53f0fea2ab61e121714bac28682a75517e8f38c9ab3c7e742a097849\"]}"
      },
      "status": 400
    }
  }
]