[
  {
    "id": "978-80-00-05751-4",
    "name": "Bronzový poklad",
    "student": "Eduard Štorch",
    "image": "bronzovy-poklad-9788000057514.jpg",
    "studentList": [
      "2d48f8de06156ca5df343cefdf2aaf4241cfcb9008dc83f2c080fb6b2122267a"
    ]
  },
  {
    "id": "978-80-277-0499-6",
    "name": "Milionář na cestách",
    "student": "Jules Verne",
    "image": "03499-milionar-na-cestach-obalka.jpg",
    "studentList": [
      "4c571ec758e4b2c1743b0f1b4c54fb4d1c2194411005f723474dceba3fe58c63"
    ]
  },
  {
    "id": "978-80-242-7762-2",
    "name": "La Fontainovy bajky",
    "student": "Jean de La Fontaine",
    "image": "32.jpg",
    "studentList": [
      "f4138479dd66c39564d8600b61fed7480ad3970481ec95c87afa86f619c92372"
    ]
  },
  {
    "id": "978-80-7193-167-6",
    "name": "Star Trek Voyager 2 - Únik",
    "student": "Dean Wesley Smith",
    "image": "star-trek-voyager-2-unik-9788071931676.jpg",
    "studentList": [
      "1bffe1e3243a72084068b59e294fbb2b9e5b933d7d0c057093101b2c27902747"
    ]
  },
  {
    "id": "978-80-7390-528-6",
    "name": "Matyáš Sándorf",
    "student": "Jules Verne",
    "image": "matyas-sandorf-copy.jpg",
    "studentList": [
      "4c571ec758e4b2c1743b0f1b4c54fb4d1c2194411005f723474dceba3fe58c63"
    ]
  },
  {
    "id": "978-80-7390-544-6",
    "name": "Tajuplný ostrov",
    "student": "Jules Verne",
    "image": "41373242.jpg",
    "studentList": [
      "4c571ec758e4b2c1743b0f1b4c54fb4d1c2194411005f723474dceba3fe58c63"
    ]
  },
  {
    "id": "978-80-7683-066-0",
    "name": "Lov",
    "student": "Bernard Minier",
    "image": "lov-9788076830660.jpg",
    "studentList": [
      "a5c0081d53f0fea2ab61e121714bac28682a75517e8f38c9ab3c7e742a097849"
    ]
  },
  {
    "id": "978-80-277-0246-6",
    "name": "Půlnoční knihovna",
    "student": "Matt Haig",
    "image": "59.jpg",
    "studentList": [
      "6cfbb8766aff89a6c48f286e867d7eca8000d7171944e061e2af1be2a5ce1a64"
    ]
  },
  {
    "id": "978-80-242-7141-5",
    "name": "Uprdelismus",
    "student": "Jan Menděl",
    "image": "uprdelismus-9788024271415.jpg",
    "studentList": [
      "6b9d6eeeb277dddf0aa47ac1fb2c1c29331a616e7536ceb1dd00fa672de4f43b"
    ]
  },
  {
    "id": "978-80-7661-383-6",
    "name": "Dvůr stříbrných plamenů",
    "student": "Sarah J. Maasová",
    "image": "dvur-stribrnych-plamenu-9788076613836.jpg",
    "studentList": [
      "fab93772232858c8a5ac1efb12bf817045357a66a7f20fc18a903c05052fafa9"
    ]
  },
  {
    "id": "978-80-271-2899-0",
    "name": "Propast smrti",
    "student": "Robert Bryndza",
    "image": "128990-600-0-fit.jpg",
    "studentList": [
      "1c9a444662f653435979709fa4c5cad6ecc018ea9dc92c0c6062a4d64646e5bc"
    ]
  },
  {
    "id": "978-80-279-0240-8",
    "name": "Morový testament",
    "student": "Vlastimil Vondruška",
    "image": "morovy-testament-9788027902408.jpg",
    "studentList": [
      "edd868e31a5c3add0083b25f315930a4e20db1402f55dbf2abe66c2c41f0ef74"
    ]
  },
  {
    "id": "978-80-7384-286-4",
    "name": "Ráma tajemství zbavený",
    "student": "Lee Gentry,Arthur C. Clarke",
    "image": "rama-tajemstvi-zbaveny-2-vydani-9788073842864.jpg",
    "studentList": [
      "221a400ad851c3c6ee2db513a7b833b11dbb595613c5a89d4e0ffeb79ffe3750",
      "8465f0effdc077bea2579c3f947b283992083b270e85ec1688a0ecb908cc3aac"
    ]
  },
  {
    "id": "978-80-7214-756-4",
    "name": "Oko času",
    "student": "Stephen Baxter, Arthur C. Clarke",
    "image": "oko-casu-9788072147564.jpg",
    "studentList": [
      "4e1f8bdc86b9fb8ce03988209df373f50a05d53e635c3e7bb737dffb5b7ccf45",
      "8465f0effdc077bea2579c3f947b283992083b270e85ec1688a0ecb908cc3aac"
    ]
  },
  {
    "id": "978-80-7193-397-7",
    "name": "Měsíční prach",
    "student": "Arthur C. Clarke",
    "image": "mesicni-prach-9788071933977.jpg",
    "studentList": [
      "8465f0effdc077bea2579c3f947b283992083b270e85ec1688a0ecb908cc3aac"
    ]
  },
  {
    "id": "978-80-257-1941-1",
    "name": "2001:Vesmírná odysea",
    "student": "Arthur C. Clarke",
    "image": "2001-vesmirna-odysea-9788025719411.jpg",
    "studentList": [
      "8465f0effdc077bea2579c3f947b283992083b270e85ec1688a0ecb908cc3aac"
    ]
  },
  {
    "id": "978-80-7384-231-4",
    "name": "Setkání s Rámou",
    "student": "Arthur C. Clarke",
    "image": "setkani-s-ramou-9788073842314.jpg",
    "studentList": [
      "8465f0effdc077bea2579c3f947b283992083b270e85ec1688a0ecb908cc3aac"
    ]
  },
  {
    "id": "978-80-7214-822-6",
    "name": "Konec dětství",
    "student": "Arthur C. Clarke, Valentino Sani",
    "image": "konec-detstvi-9788072148226.jpg",
    "studentList": [
      "8465f0effdc077bea2579c3f947b283992083b270e85ec1688a0ecb908cc3aac",
      "59578c839a8524cfe86c750e499f635d81371970e8b3e904ee7ed61e07bfd473"
    ]
  }
]